Game Title,Status,HLTB Main Story (Rounded),Time Played (Rounded),,,,,Backlog,,,
[NINJA GAIDEN: Master Collection] NINJA GAIDEN 3: Razor's Edge,Backlog,7.5 hrs,0 hrs,,,,,Filtered view,,,
[NINJA GAIDEN: Master Collection] NINJA GAIDEN Σ,Backlog,13.5 hrs,0 hrs,,,,,Game Title,Status,HLTB Main Story (Rounded),Time Played (Rounded)
[NINJA GAIDEN: Master Collection] NINJA GAIDEN Σ2,Backlog,11 hrs,0 hrs,,,,,[NINJA GAIDEN: Master Collection] NINJA GAIDEN 3: Razor's Edge,Backlog,7.5 hrs,0 hrs
100% Orange Juice,Arcade,7.7 hrs,0 hrs,,,,,[NINJA GAIDEN: Master Collection] NINJA GAIDEN Σ,Backlog,13.5 hrs,0 hrs
1000xRESIST,Backlog,10.8 hrs,0 hrs,,,,,[NINJA GAIDEN: Master Collection] NINJA GAIDEN Σ2,Backlog,11 hrs,0 hrs
1001 Spikes,Dropped,7.1 hrs,0 hrs,,,,,1000xRESIST,Backlog,10.8 hrs,0 hrs
A Fisherman's Tale,Backlog,1.5 hrs,0 hrs,,,,,A Fisherman's Tale,Backlog,1.5 hrs,0 hrs
A Plague Tale: Requiem,Backlog,17.1 hrs,0 hrs,,,,,A Plague Tale: Requiem,Backlog,17.1 hrs,0 hrs
A Story About My Uncle,Backlog,3.1 hrs,0 hrs,,,,,A Story About My Uncle,Backlog,3.1 hrs,0 hrs
A-Tech Cybernetic VR,Backlog,2.8 hrs,0 hrs,,,,,A-Tech Cybernetic VR,Backlog,2.8 hrs,0 hrs
Absolute Drift,Arcade,2.7 hrs,0 hrs,,,,,ACE COMBAT™ ASSAULT HORIZON Enhanced Edition,Backlog,8.5 hrs,0 hrs
ACE COMBAT™ ASSAULT HORIZON Enhanced Edition,Backlog,8.5 hrs,0 hrs,,,,,Afterimage,Backlog,24.8 hrs,0 hrs
Afterimage,Backlog,24.8 hrs,0 hrs,,,,,Age of Mythology: Retold,Backlog,24.1 hrs,0 hrs
Against the Storm,Playing,35.3 hrs,1.2 hrs,,,,,Age of Wonders III,Backlog,26.4 hrs,0 hrs
Age of Empires IV: Anniversary Edition,Playing,27.8 hrs,10 hrs,,,,,Akimbot,Backlog,8.8 hrs,0 hrs
Age of Mythology: Retold,Backlog,24.1 hrs,0 hrs,,,,,Alice: Madness Returns,Backlog,14 hrs,0 hrs
Age of Wonders III,Backlog,26.4 hrs,0 hrs,,,,,Aliens vs. Predator,Backlog,8.2 hrs,0 hrs
Akimbot,Backlog,8.8 hrs,0 hrs,,,,,Aliens: Dark Descent,Backlog,25.7 hrs,0 hrs
Alan Wake,Dropped,11.2 hrs,0 hrs,,,,,Amanda the Adventurer,Backlog,1.6 hrs,0 hrs
Alice: Madness Returns,Backlog,14 hrs,0 hrs,,,,,Amnesia: The Bunker,Backlog,5.4 hrs,0 hrs
Alien: Isolation,Completed,18.3 hrs,14.8 hrs,,,,,ANNO: Mutationem,Backlog,11.3 hrs,0 hrs
Aliens vs. Predator,Backlog,8.2 hrs,0 hrs,,,,,Arizona Sunshine,Backlog,4.1 hrs,0 hrs
Aliens: Dark Descent,Backlog,25.7 hrs,0 hrs,,,,,ARK: Survival Of The Fittest,Backlog,51.5 hrs,0 hrs
Amanda the Adventurer,Backlog,1.6 hrs,0 hrs,,,,,Astral Ascent,Backlog,15.2 hrs,0 hrs
Amnesia: The Bunker,Backlog,5.4 hrs,0 hrs,,,,,Astrea: Six-Sided Oracles,Backlog,12.2 hrs,0 hrs
Among Us,Multiplayer,8.1 hrs,14.6 hrs,,,,,At Home Alone,Backlog,0.8 hrs,0 hrs
ANNO: Mutationem,Backlog,11.3 hrs,0 hrs,,,,,Atlas Fallen,Backlog,11 hrs,0 hrs
APB Reloaded,Multiplayer,39 hrs,6.7 hrs,,,,,Aveyond 3-1: Lord of Twilight,Backlog,7.5 hrs,0.2 hrs
Aperture Desk Job,Completed,0.5 hrs,0.5 hrs,,,,,Back to Bed,Backlog,1.4 hrs,0 hrs
Aragami,Playing,6.8 hrs,4.4 hrs,,,,,Back to the Future: Ep 1 - It's About Time,Backlog,2.6 hrs,1.6 hrs
Arizona Sunshine,Backlog,4.1 hrs,0 hrs,,,,,Back to the Future: Ep 2 - Get Tannen!,Backlog,2.3 hrs,0 hrs
ARK: Survival Of The Fittest,Backlog,51.5 hrs,0 hrs,,,,,Back to the Future: Ep 3 - Citizen Brown,Backlog,2.4 hrs,0 hrs
Assassin's Creed,Completed,14.9 hrs,0 hrs,,,,,Back to the Future: Ep 4 - Double Visions,Backlog,2.5 hrs,0 hrs
Assassin's Creed II,Completed,19.2 hrs,0 hrs,,,,,Back to the Future: Ep 5 - OUTATIME,Backlog,2.4 hrs,0 hrs
Assassin's Creed III Remastered,Completed,14.7 hrs,0 hrs,,,,,Banishers: Ghosts of New Eden,Backlog,22.2 hrs,0 hrs
Assassin's Creed Odyssey,Completed,45.5 hrs,70.1 hrs,,,,,Beatbuddy: Tale of the Guardians,Backlog,5.3 hrs,0 hrs
Assassin's Creed Origins,Completed,30.1 hrs,50.8 hrs,,,,,Beneath Oresa,Backlog,9.2 hrs,0 hrs
Assetto Corsa,Dropped,42.9 hrs,0.1 hrs,,,,,Binary Domain,Backlog,9.2 hrs,0.3 hrs
Astebreed: Definitive Edition,Arcade,2.5 hrs,0.1 hrs,,,,,Bionic Commando,Backlog,6.9 hrs,0 hrs
Astral Ascent,Backlog,15.2 hrs,0 hrs,,,,,Bionic Commando Rearmed,Backlog,5 hrs,0 hrs
Astrea: Six-Sided Oracles,Backlog,12.2 hrs,0 hrs,,,,,Black Future '88,Backlog,5.3 hrs,0 hrs
At Home Alone,Backlog,0.8 hrs,0 hrs,,,,,Black Mesa,Backlog,15.2 hrs,0 hrs
Atlas Fallen,Backlog,11 hrs,0 hrs,,,,,Black Skylands,Backlog,13.9 hrs,0 hrs
Aveyond 3-1: Lord of Twilight,Backlog,7.5 hrs,0.2 hrs,,,,,BLACKTAIL,Backlog,8.2 hrs,0 hrs
Back to Bed,Backlog,1.4 hrs,0 hrs,,,,,Blanc,Backlog,2 hrs,0 hrs
Back to the Future: Ep 1 - It's About Time,Backlog,2.6 hrs,1.6 hrs,,,,,Blasphemous 2,Backlog,16 hrs,0 hrs
Back to the Future: Ep 2 - Get Tannen!,Backlog,2.3 hrs,0 hrs,,,,,Bomb Rush Cyberfunk,Backlog,10.2 hrs,0.8 hrs
Back to the Future: Ep 3 - Citizen Brown,Backlog,2.4 hrs,0 hrs,,,,,Bulb Boy,Backlog,2 hrs,0 hrs
Back to the Future: Ep 4 - Double Visions,Backlog,2.5 hrs,0 hrs,,,,,Bulletstorm: Full Clip Edition,Backlog,7.5 hrs,0 hrs
Back to the Future: Ep 5 - OUTATIME,Backlog,2.4 hrs,0 hrs,,,,,Bully: Scholarship Edition,Backlog,14.5 hrs,0.7 hrs
Balatro,Arcade,7.3 hrs,23.5 hrs,,,,,Burning Daylight,Backlog,0.7 hrs,0 hrs
Baldur's Gate 3,Completed,72 hrs,176 hrs,,,,,Call of Juarez,Backlog,7.9 hrs,0 hrs
Banishers: Ghosts of New Eden,Backlog,22.2 hrs,0 hrs,,,,,Call of Juarez Gunslinger,Backlog,5.1 hrs,0 hrs
Batman: Arkham Asylum GOTY Edition,Completed,11 hrs,0 hrs,,,,,Call of Juarez: Bound in Blood,Backlog,7.5 hrs,0 hrs
Batman: Arkham City GOTY,Completed,13.5 hrs,9.4 hrs,,,,,Cassette Beasts,Backlog,19.8 hrs,1.5 hrs
Batman™: Arkham Knight,Completed,17 hrs,28.6 hrs,,,,,Castle of Illusion,Backlog,2.6 hrs,0.3 hrs
Batman™: Arkham Origins,Completed,12.5 hrs,12.1 hrs,,,,,Castlevania: Lords of Shadow - Ultimate Edition,Backlog,19 hrs,0.2 hrs
BattleBit Remastered,Multiplayer,33.4 hrs,1.5 hrs,,,,,Castlevania: Lords of Shadow 2,Backlog,14.7 hrs,0 hrs
Battleborn,Dropped,9 hrs,0.8 hrs,,,,,Cat Quest III,Backlog,5.5 hrs,0 hrs
Battlefield™ 6 Open Beta,Multiplayer,0 hrs,0 hrs,,,,,Cavern of Dreams,Backlog,5.1 hrs,0 hrs
Beat Saber,Arcade,6.4 hrs,26 hrs,,,,,Chained Echoes,Backlog,34.8 hrs,0 hrs
Beatbuddy: Tale of the Guardians,Backlog,5.3 hrs,0 hrs,,,,,CHRONO CROSS: THE RADICAL DREAMERS EDITION,Backlog,34.5 hrs,0 hrs
Beneath Oresa,Backlog,9.2 hrs,0 hrs,,,,,Citizen Sleeper,Backlog,6.8 hrs,0 hrs
BERSERK and the Band of the Hawk,Playing,15.7 hrs,2.9 hrs,,,,,CODE VEIN,Backlog,26.5 hrs,0 hrs
Beyond Good & Evil,Completed,10.8 hrs,13.8 hrs,,,,,Company of Heroes 2,Backlog,15.5 hrs,0 hrs
Binary Domain,Backlog,9.2 hrs,0.3 hrs,,,,,Condemned: Criminal Origins,Backlog,6.9 hrs,0 hrs
Bionic Commando,Backlog,6.9 hrs,0 hrs,,,,,Corn Kidz 64,Backlog,5 hrs,0 hrs
Bionic Commando Rearmed,Backlog,5 hrs,0 hrs,,,,,Coromon,Backlog,24.6 hrs,0 hrs
BioShock,Completed,12.1 hrs,4.3 hrs,,,,,Crash Bandicoot™ N. Sane Trilogy,Backlog,15 hrs,0 hrs
BioShock 2,Completed,10.5 hrs,0 hrs,,,,,Crow Country,Backlog,5.3 hrs,0.2 hrs
BioShock 2 Remastered,Completed,10.5 hrs,7.1 hrs,,,,,Crysis 2 Maximum Edition,Backlog,9 hrs,0 hrs
BioShock Infinite,Completed,11.5 hrs,4 hrs,,,,,DAEMON X MACHINA,Backlog,15.5 hrs,0 hrs
BioShock Remastered,Completed,12.1 hrs,0 hrs,,,,,Dark Messiah of Might & Magic Single Player,Backlog,10 hrs,0.3 hrs
Biped,Multiplayer,2.9 hrs,0 hrs,,,,,Darksiders II Deathinitive Edition,Backlog,19.8 hrs,0 hrs
Black & White Bushido,Arcade,1.2 hrs,0.4 hrs,,,,,Darkwood,Backlog,18.3 hrs,0.9 hrs
Black Desert,Multiplayer,95 hrs,2.3 hrs,,,,,Data Hacker: Corruption,Backlog,18 hrs,0 hrs
Black Future '88,Backlog,5.3 hrs,0 hrs,,,,,Deadly Premonition 2,Backlog,19.9 hrs,0 hrs
Black Mesa,Backlog,15.2 hrs,0 hrs,,,,,Deadly Premonition: The Director's Cut,Backlog,18.3 hrs,0 hrs
Black Myth: Wukong,Completed,38.3 hrs,41.9 hrs,,,,,Deathtrap,Backlog,7.2 hrs,0 hrs
Black Skylands,Backlog,13.9 hrs,0 hrs,,,,,Demon Hunter: Chronicles from Beyond,Backlog,3.2 hrs,0 hrs
BLACKTAIL,Backlog,8.2 hrs,0 hrs,,,,,Deponia: The Complete Journey,Backlog,26.3 hrs,0 hrs
Blade & Sorcery,Arcade,9.5 hrs,1.3 hrs,,,,,Destroy All Humans! 2 - Reprobed,Backlog,11 hrs,0 hrs
Blanc,Backlog,2 hrs,0 hrs,,,,,Detention,Backlog,3.3 hrs,0 hrs
Blasphemous 2,Backlog,16 hrs,0 hrs,,,,,Deus Ex: Game of the Year Edition,Backlog,22.9 hrs,1.1 hrs
Bloodwash,Completed,1.4 hrs,2.5 hrs,,,,,Deus Ex: Human Revolution - Director's Cut,Backlog,23.3 hrs,2.5 hrs
Bomb Rush Cyberfunk,Backlog,10.2 hrs,0.8 hrs,,,,,DEVOUR,Backlog,3.5 hrs,0.9 hrs
Borderlands 2,Multiplayer,30.2 hrs,3.5 hrs,,,,,Diluvian Ultra,Backlog,7 hrs,0 hrs
Borderlands 3,Multiplayer,23.4 hrs,0 hrs,,,,,Diplomacy is Not an Option,Backlog,25.3 hrs,0 hrs
Borderlands GOTY,Playing,20.6 hrs,12.5 hrs,,,,,Disco Elysium,Backlog,23.6 hrs,8.1 hrs
Borderlands GOTY Enhanced,Dropped,20.6 hrs,0.8 hrs,,,,,Disgaea PC,Backlog,46.2 hrs,0 hrs
Borderlands: The Pre-Sequel,Playing,18.2 hrs,2.2 hrs,,,,,Dishonored 2,Backlog,12.5 hrs,7.2 hrs
Boxes,Arcade,2.3 hrs,0 hrs,,,,,Divinity: Original Sin (Classic),Backlog,60 hrs,0 hrs
Bravery and Greed,Multiplayer,5.8 hrs,0 hrs,,,,,Divinity: Original Sin 2,Backlog,59.2 hrs,0 hrs
Brawlhalla,Multiplayer,47.1 hrs,10.4 hrs,,,,,Divinity: Original Sin Enhanced Edition,Backlog,60.6 hrs,9.5 hrs
Brütal Legend,Completed,9.2 hrs,1.5 hrs,,,,,Dome Keeper,Backlog,4.8 hrs,0 hrs
Buckshot Roulette,Completed,0.4 hrs,0.6 hrs,,,,,Dordogne,Backlog,3.6 hrs,0 hrs
Bulb Boy,Backlog,2 hrs,0 hrs,,,,,DRACOMATON,Backlog,0 hrs,0 hrs
Bulletstorm: Full Clip Edition,Backlog,7.5 hrs,0 hrs,,,,,Dragon Age II: Ultimate Edition,Backlog,30.5 hrs,0 hrs
Bully: Scholarship Edition,Backlog,14.5 hrs,0.7 hrs,,,,,Dragon Age™ Inquisition,Backlog,52 hrs,1.4 hrs
Burning Daylight,Backlog,0.7 hrs,0 hrs,,,,,DRAGON QUEST III HD-2D Remake,Backlog,32.5 hrs,19.5 hrs
Burnout Paradise: The Ultimate Box,Arcade,11 hrs,0.9 hrs,,,,,DREDGE,Backlog,9.5 hrs,0 hrs
Call of Duty: Black Ops III,Arcade,9 hrs,4.3 hrs,,,,,Duke Nukem Forever,Backlog,9.2 hrs,0 hrs
Call of Duty®,Multiplayer,0 hrs,0 hrs,,,,,Dungeons 2,Backlog,15.5 hrs,0.3 hrs
Call of Juarez,Backlog,7.9 hrs,0 hrs,,,,,Dungeons of Hinterberg,Backlog,14.6 hrs,0 hrs
Call of Juarez Gunslinger,Backlog,5.1 hrs,0 hrs,,,,,Eastward,Backlog,20.2 hrs,0 hrs
Call of Juarez: Bound in Blood,Backlog,7.5 hrs,0 hrs,,,,,Edge Of Eternity,Backlog,29 hrs,0 hrs
Car Mechanic Simulator 2018,Arcade,27.9 hrs,2.1 hrs,,,,,Eiyuden Chronicle: Hundred Heroes,Backlog,46.5 hrs,0 hrs
Cassette Beasts,Backlog,19.8 hrs,1.5 hrs,,,,,Eiyuden Chronicle: Rising,Backlog,12.4 hrs,0 hrs
Castle Crashers,Multiplayer,7.2 hrs,4 hrs,,,,,Emily is Away <3,Backlog,4.6 hrs,2 hrs
Castle of Illusion,Backlog,2.6 hrs,0.3 hrs,,,,,ENDLESS™ Legend,Backlog,16 hrs,0 hrs
Castlevania: Lords of Shadow - Ultimate Edition,Backlog,19 hrs,0.2 hrs,,,,,ENSLAVED™: Odyssey to the West™ Premium Edition,Backlog,9 hrs,2.9 hrs
Castlevania: Lords of Shadow 2,Backlog,14.7 hrs,0 hrs,,,,,Everhood,Backlog,6.6 hrs,1.7 hrs
Cat Quest III,Backlog,5.5 hrs,0 hrs,,,,,Evil West,Backlog,10.8 hrs,0 hrs
Catherine Classic,Completed,13.2 hrs,13.5 hrs,,,,,F.E.A.R.,Backlog,8.2 hrs,0 hrs
Cavern of Dreams,Backlog,5.1 hrs,0 hrs,,,,,F.E.A.R. 2: Project Origin,Backlog,7.1 hrs,0 hrs
Chained Echoes,Backlog,34.8 hrs,0 hrs,,,,,F.E.A.R. 3,Backlog,5.8 hrs,0 hrs
Child of Light,Completed,11.2 hrs,10.3 hrs,,,,,Fabledom,Backlog,13.1 hrs,0 hrs
Chivalry 2,Multiplayer,13.7 hrs,2.4 hrs,,,,,Fading Afternoon,Backlog,5.6 hrs,0.4 hrs
CHRONO CROSS: THE RADICAL DREAMERS EDITION,Backlog,34.5 hrs,0 hrs,,,,,Fahrenheit: Indigo Prophecy Remastered,Backlog,8.1 hrs,0 hrs
CHRONO TRIGGER,Completed,23 hrs,21.3 hrs,,,,,Fallout,Backlog,16.3 hrs,0 hrs
Citizen Sleeper,Backlog,6.8 hrs,0 hrs,,,,,Fallout 3 - Game of the Year Edition,Backlog,26.5 hrs,19.9 hrs
Clair Obscur: Expedition 33,Completed,28.2 hrs,87.8 hrs,,,,,Fallout 4 VR,Backlog,27.6 hrs,2.3 hrs
CODE VEIN,Backlog,26.5 hrs,0 hrs,,,,,Fashion Police Squad,Backlog,4.6 hrs,0 hrs
Coloring Game 4,Arcade,6.5 hrs,0.6 hrs,,,,,Fear & Hunger,Backlog,10.1 hrs,0.2 hrs
Command & Conquer™ Red Alert™ 3 - Uprising,Arcade,10 hrs,0.2 hrs,,,,,Fights in Tight Spaces,Backlog,10.3 hrs,0 hrs
Company of Heroes 2,Backlog,15.5 hrs,0 hrs,,,,,Figment 2: Creed Valley,Backlog,4.1 hrs,0 hrs
Condemned: Criminal Origins,Backlog,6.9 hrs,0 hrs,,,,,Final Fantasy III (3D Remake),Backlog,16.5 hrs,0 hrs
Content Warning,Multiplayer,2.2 hrs,0.6 hrs,,,,,Final Fantasy IV (3D Remake),Backlog,33.5 hrs,0 hrs
"Cook, Serve, Delicious!",Arcade,18.6 hrs,0.5 hrs,,,,,Fort Solis,Backlog,3.7 hrs,0 hrs
Coral Island,Arcade,56.4 hrs,0 hrs,,,,,FOTONICA,Backlog,1.8 hrs,0 hrs
Corn Kidz 64,Backlog,5 hrs,0 hrs,,,,,Frostpunk,Backlog,10.6 hrs,0 hrs
Coromon,Backlog,24.6 hrs,0 hrs,,,,,Garden Story,Backlog,10.6 hrs,0 hrs
Corpse Keeper,Arcade,0 hrs,0 hrs,,,,,Gears 5,Backlog,11.3 hrs,1.7 hrs
Counter-Strike 2,Arcade,120.2 hrs,210 hrs,,,,,Gears Tactics,Backlog,25.4 hrs,0 hrs
Craft The World,Arcade,33.5 hrs,0 hrs,,,,,Ghostbusters: The Video Game,Backlog,8.1 hrs,1.9 hrs
Crash Bandicoot™ N. Sane Trilogy,Backlog,15 hrs,0 hrs,,,,,Ghostrunner 2,Backlog,8.3 hrs,1.2 hrs
Crazy Taxi,Arcade,2.6 hrs,0 hrs,,,,,Grand Theft Auto III,Backlog,14.2 hrs,0 hrs
Creed: Rise to Glory™,Arcade,1.5 hrs,0 hrs,,,,,Grand Theft Auto: San Andreas,Backlog,30.3 hrs,0.1 hrs
Crimsonland,Arcade,4.1 hrs,0 hrs,,,,,Grand Theft Auto: Vice City,Backlog,17.2 hrs,0 hrs
Crimzon Clover  WORLD IGNITION,Arcade,1.1 hrs,0 hrs,,,,,Gravity Circuit,Backlog,4.8 hrs,0 hrs
Crow Country,Backlog,5.3 hrs,0.2 hrs,,,,,Griftlands,Backlog,11.6 hrs,0 hrs
Crusader Kings II,Dropped,67.1 hrs,1.7 hrs,,,,,Grim Dawn,Backlog,21.4 hrs,0 hrs
Crysis 2 Maximum Edition,Backlog,9 hrs,0 hrs,,,,,Grimm's Hollow,Backlog,2.1 hrs,0 hrs
Cuphead,Completed,10.5 hrs,24.4 hrs,,,,,Gurumin: A Monstrous Adventure,Backlog,9.4 hrs,0 hrs
DAEMON X MACHINA,Backlog,15.5 hrs,0 hrs,,,,,Hades,Backlog,23.2 hrs,2.6 hrs
Dark and Darker,Multiplayer,1.1 hrs,0 hrs,,,,,Half-Life,Backlog,12 hrs,0.3 hrs
Dark Messiah of Might & Magic Single Player,Backlog,10 hrs,0.3 hrs,,,,,Half-Life 2,Backlog,12.9 hrs,0 hrs
DARK SOULS™ II: Scholar of the First Sin,Completed,35.5 hrs,6.2 hrs,,,,,Half-Life: Alyx,Backlog,12.2 hrs,4 hrs
DARK SOULS™ III,Completed,31.5 hrs,77.2 hrs,,,,,Half-Life: Blue Shift,Backlog,3.1 hrs,0 hrs
DARK SOULS™: Prepare To Die Edition,Completed,46 hrs,12.1 hrs,,,,,Half-Life: Opposing Force,Backlog,5.2 hrs,0 hrs
DARK SOULS™: REMASTERED,Completed,29.5 hrs,55.3 hrs,,,,,Halo Wars: Definitive Edition,Backlog,9 hrs,0 hrs
Dark Void,Completed,7 hrs,0.4 hrs,,,,,Halo: The Master Chief Collection,Backlog,43.1 hrs,30 hrs
Darkest Dungeon®,Arcade,57 hrs,21.5 hrs,,,,,Hand of Fate,Backlog,10.6 hrs,0 hrs
Darkest Dungeon® II,Arcade,26 hrs,2.3 hrs,,,,,Hell Yeah!,Backlog,7.4 hrs,0 hrs
Darksiders,Dropped,17.1 hrs,0 hrs,,,,,Heretic's Fork,Backlog,6 hrs,0 hrs
Darksiders II Deathinitive Edition,Backlog,19.8 hrs,0 hrs,,,,,Hero Siege,Backlog,9.5 hrs,0 hrs
Darksiders Warmastered Edition,Dropped,17.1 hrs,29.1 hrs,,,,,High On Life,Backlog,9.3 hrs,0 hrs
Darkwood,Backlog,18.3 hrs,0.9 hrs,,,,,Home,Backlog,1.2 hrs,0 hrs
Data Hacker: Corruption,Backlog,18 hrs,0 hrs,,,,,Homefront,Backlog,4.2 hrs,0 hrs
DAVE THE DIVER,Dropped,25 hrs,8.6 hrs,,,,,Hotline Miami,Backlog,5.2 hrs,0 hrs
Days Gone,Completed,36.5 hrs,0 hrs,,,,,Hyperdimension Neptunia Re;Birth1,Backlog,28 hrs,0.2 hrs
DC Universe Online,Multiplayer,74.8 hrs,1.2 hrs,,,,,HYPERVIOLENT,Backlog,0 hrs,0 hrs
Dead Island,Multiplayer,18.3 hrs,0 hrs,,,,,In Sound Mind,Backlog,10.1 hrs,0 hrs
Dead Island Definitive Edition,Multiplayer,9.6 hrs,2.7 hrs,,,,,Inkulinati,Backlog,6 hrs,0 hrs
Dead or Alive 5 Last Round,Multiplayer,3.6 hrs,0.3 hrs,,,,,INSIDE,Backlog,3.5 hrs,0 hrs
Dead Rising 2: Off the Record,Dropped,13 hrs,2.6 hrs,,,,,Jack Move,Backlog,5.9 hrs,0 hrs
Dead Rising 3,Dropped,14 hrs,5.7 hrs,,,,,Jagged Alliance 3,Backlog,46.6 hrs,0 hrs
Dead Space (2008),Completed,11 hrs,18.2 hrs,,,,,Jet Set Radio,Backlog,6.8 hrs,0.2 hrs
Dead Space 2,Completed,9.1 hrs,0.8 hrs,,,,,Jurassic World Evolution 2,Backlog,6.2 hrs,0 hrs
Dead Space™ 3,Multiplayer,13 hrs,1.5 hrs,,,,,Jusant,Backlog,4.5 hrs,0 hrs
Deadly Premonition 2,Backlog,19.9 hrs,0 hrs,,,,,Just Cause 2,Backlog,17.7 hrs,0.7 hrs
Deadly Premonition: The Director's Cut,Backlog,18.3 hrs,0 hrs,,,,,Just Cause 3,Backlog,18.3 hrs,4.2 hrs
Deathtrap,Backlog,7.2 hrs,0 hrs,,,,,Katamari Damacy REROLL,Backlog,4.6 hrs,0 hrs
Deep Rock Galactic,Multiplayer,45.1 hrs,14.3 hrs,,,,,Killer is Dead,Backlog,7.2 hrs,2.8 hrs
Demon Hunter: Chronicles from Beyond,Backlog,3.2 hrs,0 hrs,,,,,Kingdom: Classic,Backlog,8.1 hrs,0 hrs
Deponia: The Complete Journey,Backlog,26.3 hrs,0 hrs,,,,,Klonoa Phantasy Reverie Series,Backlog,9 hrs,0.2 hrs
Destiny 2,Multiplayer,12.2 hrs,2 hrs,,,,,Labyrinthine Dreams,Backlog,1.3 hrs,1 hrs
Destroy All Humans!,Completed,7.6 hrs,11.7 hrs,,,,,Learn Japanese To Survive - Hiragana Battle,Backlog,9.9 hrs,0 hrs
Destroy All Humans! 2 - Reprobed,Backlog,11 hrs,0 hrs,,,,,Learn Japanese To Survive! Kanji Combat,Backlog,12 hrs,0 hrs
Destroyer: The U-Boat Hunter,Dropped,0 hrs,0 hrs,,,,,Learn Japanese To Survive! Katakana War,Backlog,10.9 hrs,0 hrs
Detention,Backlog,3.3 hrs,0 hrs,,,,,Legacy of Kain™ Soul Reaver 1&2 Remastered,Backlog,21.5 hrs,0 hrs
Deus Ex: Game of the Year Edition,Backlog,22.9 hrs,1.1 hrs,,,,,LEGO® Harry Potter: Years 1-4,Backlog,12 hrs,2.3 hrs
Deus Ex: Human Revolution - Director's Cut,Backlog,23.3 hrs,2.5 hrs,,,,,LEGO® Star Wars™ III: The Clone Wars™,Backlog,9 hrs,0 hrs
Devil May Cry 4 Special Edition,Completed,10.8 hrs,27.9 hrs,,,,,LEGO® The Hobbit™,Backlog,9 hrs,0 hrs
Devil May Cry 5,Completed,11.1 hrs,22.1 hrs,,,,,LIGHTNING RETURNS: FINAL FANTASY XIII,Backlog,33 hrs,0 hrs
Devil May Cry HD Collection,Completed,23.2 hrs,31.3 hrs,,,,,Lil Gator Game,Backlog,3.2 hrs,0 hrs
DEVOUR,Backlog,3.5 hrs,0.9 hrs,,,,,LIMBO,Backlog,3.5 hrs,0 hrs
Diluvian Ultra,Backlog,7 hrs,0 hrs,,,,,Loddlenaut,Backlog,3.6 hrs,0 hrs
Diplomacy is Not an Option,Backlog,25.3 hrs,0 hrs,,,,,Lords Of The Fallen,Backlog,29 hrs,0 hrs
DiRT 3 Complete Edition,Arcade,15.3 hrs,2.9 hrs,,,,,Lost Eidolons,Backlog,40.1 hrs,0 hrs
DiRT Rally,Arcade,28.7 hrs,0 hrs,,,,,Lost Planet 3,Backlog,10.6 hrs,0 hrs
DiRT Showdown,Arcade,9 hrs,0 hrs,,,,,Lost Planet: Extreme Condition,Backlog,8 hrs,0 hrs
Disco Elysium,Backlog,23.6 hrs,8.1 hrs,,,,,Mad Max,Backlog,20.1 hrs,0 hrs
Disgaea PC,Backlog,46.2 hrs,0 hrs,,,,,Manhunt,Backlog,11 hrs,0 hrs
Dishonored,Completed,12.1 hrs,13.8 hrs,,,,,Marie's Room,Backlog,0.7 hrs,0 hrs
Dishonored 2,Backlog,12.5 hrs,7.2 hrs,,,,,Marvel's Midnight Suns,Backlog,40.1 hrs,6.9 hrs
DISSIDIA FINAL FANTASY NT Free Edition,Arcade,32 hrs,0 hrs,,,,,Mass Effect™: Andromeda Deluxe Edition,Backlog,18.5 hrs,0 hrs
Divinity: Original Sin (Classic),Backlog,60 hrs,0 hrs,,,,,McPixel 3,Backlog,5.4 hrs,0 hrs
Divinity: Original Sin 2,Backlog,59.2 hrs,0 hrs,,,,,Medal of Honor(TM) Single Player,Backlog,5 hrs,0 hrs
Divinity: Original Sin Enhanced Edition,Backlog,60.6 hrs,9.5 hrs,,,,,Mediterranea Inferno,Backlog,2.4 hrs,0 hrs
DJMAX RESPECT V,Arcade,16.2 hrs,1.2 hrs,,,,,Metro: Last Light Complete Edition,Backlog,9.8 hrs,0 hrs
DmC Devil May Cry,Completed,9.2 hrs,11 hrs,,,,,Mini Ninjas,Backlog,7.7 hrs,0 hrs
Doki Doki Literature Club,Completed,4.2 hrs,3.4 hrs,,,,,Mitsurugi Kamui Hikae,Backlog,2.2 hrs,0 hrs
Dome Keeper,Backlog,4.8 hrs,0 hrs,,,,,Moonstone Island,Backlog,33.1 hrs,0 hrs
DOOM,Completed,12.7 hrs,13.4 hrs,,,,,Mortal Shell,Backlog,10.6 hrs,0 hrs
DOOM 64,Arcade,7.1 hrs,0 hrs,,,,,Neo Cab,Backlog,4.2 hrs,0 hrs
DOOM Eternal,Completed,14.4 hrs,1.3 hrs,,,,,Neon Abyss,Backlog,11.1 hrs,0 hrs
Dordogne,Backlog,3.6 hrs,0 hrs,,,,,Neon Blood,Backlog,3.2 hrs,0 hrs
Dota 2,Multiplayer,772.1 hrs,0.3 hrs,,,,,Neverending Nightmares,Backlog,1.7 hrs,0 hrs
DRACOMATON,Backlog,0 hrs,0 hrs,,,,,Nioh 2 – The Complete Edition,Backlog,41.5 hrs,1.1 hrs
Dragon Age II: Ultimate Edition,Backlog,30.5 hrs,0 hrs,,,,,No More Heroes,Backlog,11 hrs,0 hrs
Dragon Age™ Inquisition,Backlog,52 hrs,1.4 hrs,,,,,Nobody Wants to Die,Backlog,5.8 hrs,0 hrs
Dragon Age™: The Veilguard,Dropped,28.5 hrs,19.5 hrs,,,,,Oceanhorn: Monster of Uncharted Seas,Backlog,9.3 hrs,1.6 hrs
DRAGON BALL FighterZ,Arcade,12.1 hrs,116.9 hrs,,,,,OCTOPATH TRAVELER II,Backlog,60 hrs,3.1 hrs
DRAGON BALL XENOVERSE,Arcade,17 hrs,15.2 hrs,,,,,Okami HD,Backlog,33.1 hrs,1.7 hrs
DRAGON BALL Z: KAKAROT,Completed,30.5 hrs,61.6 hrs,,,,,ONE PIECE ODYSSEY,Backlog,34 hrs,30.2 hrs
DRAGON BALL: Sparking! ZERO,Arcade,10.6 hrs,29.6 hrs,,,,,One Piece: Unlimited World Red - Deluxe Edition,Backlog,9.1 hrs,0 hrs
DRAGON QUEST III HD-2D Remake,Backlog,32.5 hrs,19.5 hrs,,,,,One Way Heroics,Backlog,2.2 hrs,0 hrs
DRAGON QUEST® XI: Echoes of an Elusive Age™,Completed,57 hrs,80.4 hrs,,,,,Ori and the Blind Forest,Backlog,8.2 hrs,0 hrs
Dragon's Dogma 2,Completed,30.9 hrs,68.6 hrs,,,,,Ori and the Blind Forest: Definitive Edition,Backlog,9 hrs,0 hrs
Dragon's Dogma: Dark Arisen,Completed,32.6 hrs,44.4 hrs,,,,,Orwell,Backlog,4.6 hrs,0 hrs
Drawful 2,Multiplayer,1.4 hrs,0 hrs,,,,,Overlord II,Backlog,16.5 hrs,1.1 hrs
DREDGE,Backlog,9.5 hrs,0 hrs,,,,,Pacific Drive,Backlog,20.6 hrs,4.9 hrs
Duke Nukem Forever,Backlog,9.2 hrs,0 hrs,,,,,Paper Beast,Backlog,3.1 hrs,0 hrs
Dungeons 2,Backlog,15.5 hrs,0.3 hrs,,,,,Paper Beast - Folded Edition,Backlog,3.1 hrs,0 hrs
Dungeons of Hinterberg,Backlog,14.6 hrs,0 hrs,,,,,Path of Exile,Backlog,29.6 hrs,0 hrs
Dying Light,Completed,18 hrs,21.3 hrs,,,,,Persona 3 Reload,Backlog,64.6 hrs,21.3 hrs
Eastward,Backlog,20.2 hrs,0 hrs,,,,,Persona 5 Strikers,Backlog,35.2 hrs,0 hrs
Edge Of Eternity,Backlog,29 hrs,0 hrs,,,,,Pillars of Eternity,Backlog,36.1 hrs,0 hrs
Eiyuden Chronicle: Hundred Heroes,Backlog,46.5 hrs,0 hrs,,,,,Pony Island,Backlog,2.4 hrs,0 hrs
Eiyuden Chronicle: Rising,Backlog,12.4 hrs,0 hrs,,,,,Portal Stories: Mel,Backlog,7.7 hrs,0.7 hrs
ELDEN RING,Completed,60 hrs,114.2 hrs,,,,,Praetorians,Backlog,17.2 hrs,0 hrs
ELDEN RING NIGHTREIGN,Multiplayer,42 hrs,29.9 hrs,,,,,Prey,Backlog,16.2 hrs,6 hrs
Electrician Simulator - First Shock,Arcade,0.7 hrs,0 hrs,,,,,Prince of Persia,Backlog,11.4 hrs,0 hrs
Elite Dangerous,Multiplayer,117.2 hrs,1.4 hrs,,,,,Project Kat - Paper Lily Prologue,Backlog,0.7 hrs,0 hrs
Emily is Away,Completed,0.7 hrs,1 hrs,,,,,Propagation VR,Backlog,0.6 hrs,0.3 hrs
Emily is Away <3,Backlog,4.6 hrs,2 hrs,,,,,Quest for Infamy,Backlog,9.2 hrs,0 hrs
ENDLESS™ Legend,Backlog,16 hrs,0 hrs,,,,,Racine,Backlog,10.1 hrs,0 hrs
ENSLAVED™: Odyssey to the West™ Premium Edition,Backlog,9 hrs,2.9 hrs,,,,,Raw Data,Backlog,5.4 hrs,0 hrs
Escape from Ever After: Onboarding,Completed,3.6 hrs,0.9 hrs,,,,,Rayman Origins,Backlog,11 hrs,0 hrs
Everafter Falls,Arcade,0 hrs,0 hrs,,,,,Red Dead Redemption,Backlog,17.7 hrs,0 hrs
Everhood,Backlog,6.6 hrs,1.7 hrs,,,,,Red Faction Guerrilla Re-Mars-tered,Backlog,11 hrs,0 hrs
EVERSPACE™,Dropped,17 hrs,0.8 hrs,,,,,Remember Me,Backlog,9.9 hrs,0 hrs
Evil West,Backlog,10.8 hrs,0 hrs,,,,,Remnant II,Backlog,18.1 hrs,5.2 hrs
Evolve Stage 2,Multiplayer,16.7 hrs,10.5 hrs,,,,,Remnants of Isolation,Backlog,3.8 hrs,0 hrs
F.E.A.R.,Backlog,8.2 hrs,0 hrs,,,,,Resident Evil Revelations,Backlog,8.4 hrs,0.4 hrs
F.E.A.R. 2: Project Origin,Backlog,7.1 hrs,0 hrs,,,,,Resident Evil Revelations 2,Backlog,10.2 hrs,0 hrs
F.E.A.R. 3,Backlog,5.8 hrs,0 hrs,,,,,Risen,Backlog,27.8 hrs,0 hrs
F1 2011,Arcade,16.2 hrs,0 hrs,,,,,Risen 2 - Dark Waters,Backlog,26 hrs,0 hrs
F1 2012,Arcade,40.9 hrs,0 hrs,,,,,RKGK / Rakugaki,Backlog,3.2 hrs,0 hrs
F1 2014,Arcade,7.8 hrs,0 hrs,,,,,Ryse: Son of Rome,Backlog,6.4 hrs,0 hrs
F1 2015,Arcade,14.1 hrs,0.5 hrs,,,,,S.T.A.L.K.E.R.: Call of Pripyat,Backlog,15.1 hrs,0 hrs
F1 2016,Arcade,20.4 hrs,0 hrs,,,,,S.T.A.L.K.E.R.: Call of Prypiat - Enhanced Edition,Backlog,15.1 hrs,0 hrs
F1 2019,Arcade,29.7 hrs,0 hrs,,,,,S.T.A.L.K.E.R.: Clear Sky,Backlog,12.7 hrs,0 hrs
F1 2020,Arcade,31.2 hrs,0 hrs,,,,,S.T.A.L.K.E.R.: Clear Sky - Enhanced Edition,Backlog,12.7 hrs,0 hrs
F1 Race Stars,Arcade,14.1 hrs,0 hrs,,,,,S.T.A.L.K.E.R.: Shadow of Chernobyl,Backlog,15.1 hrs,0 hrs
F1® 22,Arcade,22.5 hrs,0.2 hrs,,,,,S.T.A.L.K.E.R.: Shadow of Chornobyl - Enhanced Edition,Backlog,15.1 hrs,0 hrs
F1® 23,Arcade,9.5 hrs,0.7 hrs,,,,,Sacred 3,Backlog,8.6 hrs,0 hrs
Fable Anniversary,Dropped,13.5 hrs,8.2 hrs,,,,,SanctuaryRPG: Black Edition,Backlog,11.9 hrs,1.1 hrs
Fabledom,Backlog,13.1 hrs,0 hrs,,,,,Satellite Reign,Backlog,21.7 hrs,0 hrs
Fading Afternoon,Backlog,5.6 hrs,0.4 hrs,,,,,Severed Steel,Backlog,3 hrs,0 hrs
Fahrenheit: Indigo Prophecy Remastered,Backlog,8.1 hrs,0 hrs,,,,,Shadow Gambit: The Cursed Crew,Backlog,27.6 hrs,0 hrs
Fallout,Backlog,16.3 hrs,0 hrs,,,,,Shadowrun Chronicles - Boston Lockdown,Backlog,23 hrs,0 hrs
Fallout 3,Completed,22.2 hrs,11.8 hrs,,,,,Shin Megami Tensei V: Vengeance,Backlog,45.4 hrs,13 hrs
Fallout 3 - Game of the Year Edition,Backlog,26.5 hrs,19.9 hrs,,,,,Showgunners,Backlog,13.5 hrs,0 hrs
Fallout 4,Completed,27.6 hrs,1.1 hrs,,,,,Silent Hill: Homecoming,Backlog,9.3 hrs,0 hrs
Fallout 4 VR,Backlog,27.6 hrs,2.3 hrs,,,,,Sir Whoopass™: Immortal Death,Backlog,7.5 hrs,0 hrs
Fallout: New Vegas,Completed,26.9 hrs,14.4 hrs,,,,,Sker Ritual,Backlog,9.2 hrs,0 hrs
Fashion Police Squad,Backlog,4.6 hrs,0 hrs,,,,,Sniper Elite 3,Backlog,9.1 hrs,5.3 hrs
Fear & Hunger,Backlog,10.1 hrs,0.2 hrs,,,,,Sniper Elite 4,Backlog,10.7 hrs,0 hrs
Felvidek,Completed,4.9 hrs,6.3 hrs,,,,,Sniper Elite 5,Backlog,10.7 hrs,0 hrs
Fights in Tight Spaces,Backlog,10.3 hrs,0 hrs,,,,,Sonic CD,Backlog,2 hrs,0 hrs
Figment 2: Creed Valley,Backlog,4.1 hrs,0 hrs,,,,,SONIC THE HEDGEHOG 4 Episode I,Backlog,2.6 hrs,0.2 hrs
Final Fantasy III (3D Remake),Backlog,16.5 hrs,0 hrs,,,,,SONIC THE HEDGEHOG 4 Episode II,Backlog,2.5 hrs,0 hrs
Final Fantasy IV (3D Remake),Backlog,33.5 hrs,0 hrs,,,,,Soul Axiom,Backlog,13.3 hrs,0 hrs
FINAL FANTASY IX,Completed,38 hrs,37.3 hrs,,,,,Soulstice,Backlog,17 hrs,0 hrs
FINAL FANTASY V,Dropped,33.5 hrs,11 hrs,,,,,South of Midnight,Backlog,9.7 hrs,2.5 hrs
FINAL FANTASY VI,Completed,33.5 hrs,35.8 hrs,,,,,Spec Ops: The Line,Backlog,6.1 hrs,0 hrs
FINAL FANTASY VII,Completed,36.1 hrs,39.6 hrs,,,,,SpongeBob SquarePants: The Cosmic Shake,Backlog,7 hrs,0 hrs
FINAL FANTASY VII EVER CRISIS,Arcade,25 hrs,0 hrs,,,,,Spooky's Jump Scare Mansion,Backlog,3.8 hrs,0 hrs
FINAL FANTASY VII REBIRTH,Completed,48 hrs,3.2 hrs,,,,,STAR WARS™ Knights of the Old Republic™,Backlog,29 hrs,1 hrs
FINAL FANTASY VII REMAKE INTERGRADE,Completed,32.5 hrs,106.8 hrs,,,,,STAR WARS™ Knights of the Old Republic™ II: The Sith Lords™,Backlog,30.5 hrs,0 hrs
FINAL FANTASY VIII,Completed,39 hrs,0 hrs,,,,,STAR WARS™: Bounty Hunter™,Backlog,7.5 hrs,0 hrs
FINAL FANTASY VIII - REMASTERED,Completed,39 hrs,42.9 hrs,,,,,Starship Troopers: Terran Command,Backlog,13.6 hrs,0 hrs
FINAL FANTASY X/X-2 HD Remaster,Completed,50.4 hrs,26.4 hrs,,,,,Stealth Inc 2,Backlog,9.1 hrs,0 hrs
FINAL FANTASY XIII,Completed,48 hrs,54.6 hrs,,,,,Steelrising,Backlog,15.2 hrs,0 hrs
FINAL FANTASY XIII-2,Completed,27.9 hrs,27.7 hrs,,,,,Strider,Backlog,5.5 hrs,0.2 hrs
FINAL FANTASY XV WINDOWS EDITION,Completed,28 hrs,48.8 hrs,,,,,Styx: Master of Shadows,Backlog,17 hrs,0 hrs
FINAL FANTASY XVI,Completed,38 hrs,5 hrs,,,,,Sunset Overdrive,Backlog,10.1 hrs,0 hrs
FINAL FANTASY® XI: Ultimate Collection Seekers Edition ROW,Multiplayer,392 hrs,0 hrs,,,,,Symphony of War: The Nephilim Saga,Backlog,29.2 hrs,0 hrs
Firewatch,Completed,4.1 hrs,4.4 hrs,,,,,Tales from the Borderlands,Backlog,10.6 hrs,0 hrs
For Honor,Multiplayer,7 hrs,0 hrs,,,,,Tales of Symphonia,Backlog,46.7 hrs,2.9 hrs
Fort Solis,Backlog,3.7 hrs,0 hrs,,,,,Tchia,Backlog,7.6 hrs,0 hrs
Forza Horizon 4,Arcade,15 hrs,11 hrs,,,,,The Bard's Tale Trilogy,Backlog,29 hrs,0 hrs
Forza Horizon 5,Arcade,20.9 hrs,0 hrs,,,,,The Binding of Isaac: Rebirth,Backlog,5.6 hrs,1.5 hrs
FOTONICA,Backlog,1.8 hrs,0 hrs,,,,,The Bureau: XCOM Declassified,Backlog,10.4 hrs,0 hrs
Friday the 13th: Killer Puzzle,Arcade,5.5 hrs,0.6 hrs,,,,,The Council,Backlog,14.2 hrs,0 hrs
Frostpunk,Backlog,10.6 hrs,0 hrs,,,,,The Dark Eye: Chains of Satinav,Backlog,9.8 hrs,0 hrs
FTL: Faster Than Light,Dropped,12.2 hrs,0.6 hrs,,,,,The Darkness II,Backlog,6.1 hrs,0 hrs
Game Dev Tycoon,Arcade,8.6 hrs,6.8 hrs,,,,,The Excavation of Hob's Barrow,Backlog,7 hrs,0.7 hrs
Game of Thrones - A Telltale Games Series,Completed,12.1 hrs,12.5 hrs,,,,,The Flame in the Flood,Backlog,8.6 hrs,0 hrs
Garden Story,Backlog,10.6 hrs,0 hrs,,,,,The Last Campfire,Backlog,5.2 hrs,0 hrs
Gears 5,Backlog,11.3 hrs,1.7 hrs,,,,,The Legend of Heroes: Trails in the Sky,Backlog,40.4 hrs,0 hrs
Gears Tactics,Backlog,25.4 hrs,0 hrs,,,,,The Murder of Sonic the Hedgehog,Backlog,2.3 hrs,0 hrs
Ghost in the Shell: Stand Alone Complex - First Assault Online,Multiplayer,18 hrs,0 hrs,,,,,The Red Strings Club,Backlog,4 hrs,0 hrs
Ghostbusters: The Video Game,Backlog,8.1 hrs,1.9 hrs,,,,,The Surge,Backlog,20.8 hrs,0 hrs
Ghostrunner,Completed,7.1 hrs,9.1 hrs,,,,,The Thaumaturge,Backlog,16.2 hrs,0 hrs
Ghostrunner 2,Backlog,8.3 hrs,1.2 hrs,,,,,The Walking Dead: Saints & Sinners,Backlog,10.4 hrs,4.1 hrs
Goat Simulator,Arcade,2.2 hrs,0.2 hrs,,,,,The Wolf Among Us,Backlog,8.6 hrs,0 hrs
Goats on a Bridge,Arcade,1.2 hrs,0 hrs,,,,,Thronebreaker: The Witcher Tales,Backlog,27.8 hrs,0 hrs
Gone Home,Completed,2 hrs,1.1 hrs,,,,,Tiny Terry's Turbo Trip,Backlog,3.5 hrs,0 hrs
Gotham Knights,Multiplayer,17.3 hrs,0 hrs,,,,,Titanfall® 2,Backlog,6 hrs,0.3 hrs
Grand Theft Auto III,Backlog,14.2 hrs,0 hrs,,,,,To the Moon,Backlog,4.1 hrs,0 hrs
Grand Theft Auto IV: The Complete Edition,Completed,30.7 hrs,17.3 hrs,,,,,Tomb Raider I-III Remastered Starring Lara Croft,Backlog,36.4 hrs,0 hrs
Grand Theft Auto V Enhanced,Completed,32.1 hrs,0 hrs,,,,,Trepang2,Backlog,5.2 hrs,0 hrs
Grand Theft Auto V Legacy,Completed,32.1 hrs,53.8 hrs,,,,,Trials of Mana,Backlog,20.4 hrs,8.6 hrs
Grand Theft Auto: San Andreas,Backlog,30.3 hrs,0.1 hrs,,,,,TROUBLESHOOTER: Abandoned Children,Backlog,82.2 hrs,0 hrs
Grand Theft Auto: Vice City,Backlog,17.2 hrs,0 hrs,,,,,Ultros,Backlog,11.2 hrs,0 hrs
Graveyard Keeper,Arcade,45.9 hrs,0 hrs,,,,,Uncanny Valley,Backlog,1.5 hrs,0 hrs
Gravity Circuit,Backlog,4.8 hrs,0 hrs,,,,,Universe For Sale,Backlog,4.9 hrs,0 hrs
GRID,Arcade,20.8 hrs,2.5 hrs,,,,,Until You Fall,Backlog,7.7 hrs,0 hrs
GRID 2,Arcade,17.4 hrs,0 hrs,,,,,Velvet Assassin,Backlog,10 hrs,0 hrs
GRID Autosport,Arcade,32.4 hrs,0.4 hrs,,,,,Venba,Backlog,1.5 hrs,0 hrs
Griftlands,Backlog,11.6 hrs,0 hrs,,,,,"Warhammer 40,000: Boltgun",Backlog,9.9 hrs,2.6 hrs
Grim Dawn,Backlog,21.4 hrs,0 hrs,,,,,"Warhammer 40,000: Gladius - Relics of War",Backlog,11.2 hrs,0 hrs
Grimm's Hollow,Backlog,2.1 hrs,0 hrs,,,,,Warhammer Age of Sigmar: Realms of Ruin,Backlog,13.5 hrs,0 hrs
GUILTY GEAR -STRIVE-,Multiplayer,5 hrs,10.2 hrs,,,,,Warmachine Tactics,Backlog,29.4 hrs,0 hrs
Guns of Icarus Alliance,Multiplayer,1.8 hrs,0 hrs,,,,,We Went Back,Backlog,0.7 hrs,0 hrs
Guns of Icarus Online,Multiplayer,6 hrs,0 hrs,,,,,Whisper of a Rose,Backlog,0 hrs,0 hrs
Gurumin: A Monstrous Adventure,Backlog,9.4 hrs,0 hrs,,,,,Wildmender,Backlog,20 hrs,0 hrs
Hades,Backlog,23.2 hrs,2.6 hrs,,,,,WORLD OF FINAL FANTASY,Backlog,35.5 hrs,0 hrs
Half-Life,Backlog,12 hrs,0.3 hrs,,,,,X-COM: Apocalypse,Backlog,32.6 hrs,0 hrs
Half-Life 2,Backlog,12.9 hrs,0 hrs,,,,,X-COM: Enforcer,Backlog,4.4 hrs,0 hrs
Half-Life 2: Deathmatch,Multiplayer,2.5 hrs,0 hrs,,,,,X-COM: Interceptor,Backlog,13.1 hrs,0 hrs
Half-Life Deathmatch: Source,Multiplayer,2.9 hrs,0 hrs,,,,,X-COM: Terror from the Deep,Backlog,34.2 hrs,0 hrs
Half-Life: Alyx,Backlog,12.2 hrs,4 hrs,,,,,X-COM: UFO Defense,Backlog,38.3 hrs,0 hrs
Half-Life: Blue Shift,Backlog,3.1 hrs,0 hrs,,,,,XCOM 2,Backlog,33.3 hrs,0 hrs
Half-Life: Opposing Force,Backlog,5.2 hrs,0 hrs,,,,,XCOM: Chimera Squad,Backlog,21.4 hrs,0 hrs
Half-Life: Source,Multiplayer,11.2 hrs,0 hrs,,,,,XCOM: Enemy Unknown,Backlog,26.7 hrs,0 hrs
Halo Wars: Definitive Edition,Backlog,9 hrs,0 hrs,,,,,"Yes, Your Grace",Backlog,6.4 hrs,2 hrs
Halo: The Master Chief Collection,Backlog,43.1 hrs,30 hrs,,,,,Ys Origin,Backlog,11.5 hrs,0 hrs
Hand of Fate,Backlog,10.6 hrs,0 hrs,,,,,Yume Nikki,Backlog,5 hrs,0 hrs
Havendock,Arcade,22.5 hrs,0 hrs,,,,,Yuppie Psycho,Backlog,8.5 hrs,2.3 hrs
Hell Yeah!,Backlog,7.4 hrs,0 hrs,,,,,Zoeti,Backlog,8.5 hrs,0 hrs
Hellblade: Senua's Sacrifice,Completed,7.5 hrs,7.5 hrs,,,,,嗜血印 Bloody Spell,Backlog,5.5 hrs,0 hrs
Hellblade: Senua's Sacrifice VR Edition,Dropped,6.9 hrs,0 hrs,,,,,,,,
HELLDIVERS™ 2,Multiplayer,70 hrs,57.1 hrs,,,,,,,,
Heretic's Fork,Backlog,6 hrs,0 hrs,,,,,,,,
Hero Siege,Backlog,9.5 hrs,0 hrs,,,,,,,,
Hi-Fi RUSH,Completed,11.2 hrs,12 hrs,,,,,,,,
High On Life,Backlog,9.3 hrs,0 hrs,,,,,,,,
Hitman: Absolution,Completed,12.4 hrs,19.2 hrs,,,,,,,,
Hitman: Sniper Challenge,Dropped,0.6 hrs,0 hrs,,,,,,,,
HITMAN™ 2,Completed,10 hrs,0 hrs,,,,,,,,
Holy Potatoes! A Weapon Shop?!,Arcade,10.6 hrs,3.3 hrs,,,,,,,,
Home,Backlog,1.2 hrs,0 hrs,,,,,,,,
Homefront,Backlog,4.2 hrs,0 hrs,,,,,,,,
Hotline Miami,Backlog,5.2 hrs,0 hrs,,,,,,,,
House Flipper,Arcade,12.7 hrs,14.7 hrs,,,,,,,,
House Flipper VR,Dropped,4.2 hrs,0 hrs,,,,,,,,
Hyperdimension Neptunia Re;Birth1,Backlog,28 hrs,0.2 hrs,,,,,,,,
HYPERVIOLENT,Backlog,0 hrs,0 hrs,,,,,,,,
I Expect You To Die,Arcade,3.1 hrs,0 hrs,,,,,,,,
In Sound Mind,Backlog,10.1 hrs,0 hrs,,,,,,,,
InfraSpace,Arcade,46.1 hrs,0 hrs,,,,,,,,
Injustice: Gods Among Us Ultimate Edition,Multiplayer,5 hrs,7.3 hrs,,,,,,,,
Injustice™ 2,Multiplayer,5.5 hrs,0.1 hrs,,,,,,,,
INK,Arcade,2.2 hrs,0 hrs,,,,,,,,
Inkulinati,Backlog,6 hrs,0 hrs,,,,,,,,
Inscryption,Completed,12.7 hrs,14.3 hrs,,,,,,,,
INSIDE,Backlog,3.5 hrs,0 hrs,,,,,,,,
Into the Breach,Arcade,5.6 hrs,5.6 hrs,,,,,,,,
Jack Move,Backlog,5.9 hrs,0 hrs,,,,,,,,
Jagged Alliance 3,Backlog,46.6 hrs,0 hrs,,,,,,,,
Jet Set Radio,Backlog,6.8 hrs,0.2 hrs,,,,,,,,
JUMP FORCE,Dropped,14.5 hrs,7.1 hrs,,,,,,,,
Jurassic World Evolution 2,Backlog,6.2 hrs,0 hrs,,,,,,,,
Jusant,Backlog,4.5 hrs,0 hrs,,,,,,,,
Just Cause 2,Backlog,17.7 hrs,0.7 hrs,,,,,,,,
Just Cause 3,Backlog,18.3 hrs,4.2 hrs,,,,,,,,
Katamari Damacy REROLL,Backlog,4.6 hrs,0 hrs,,,,,,,,
Killer is Dead,Backlog,7.2 hrs,2.8 hrs,,,,,,,,
Killing Floor,Multiplayer,19 hrs,0 hrs,,,,,,,,
Killing Floor 2,Multiplayer,16.3 hrs,0 hrs,,,,,,,,
Kind Words,Arcade,2.4 hrs,1.3 hrs,,,,,,,,
King Of The Castle,Multiplayer,2.5 hrs,0 hrs,,,,,,,,
Kingdom Come: Deliverance,Completed,41.9 hrs,81.6 hrs,,,,,,,,
Kingdom Come: Deliverance II,Completed,52.8 hrs,119 hrs,,,,,,,,
KINGDOM HEARTS -HD 1.5+2.5 ReMIX-,Completed,154 hrs,36.7 hrs,,,,,,,,
Kingdom: Classic,Backlog,8.1 hrs,0 hrs,,,,,,,,
Kingdoms and Castles,Arcade,9.4 hrs,13 hrs,,,,,,,,
Klonoa Phantasy Reverie Series,Backlog,9 hrs,0.2 hrs,,,,,,,,
L.A. Noire,Completed,22 hrs,0 hrs,,,,,,,,
Labyrinthine Dreams,Backlog,1.3 hrs,1 hrs,,,,,,,,
Lara Croft and the Temple of Osiris,Dropped,5.2 hrs,0 hrs,,,,,,,,
Last Word,Dropped,4.7 hrs,0 hrs,,,,,,,,
Layers of Fear (2016),Dropped,3.5 hrs,1 hrs,,,,,,,,
Learn Japanese To Survive - Hiragana Battle,Backlog,9.9 hrs,0 hrs,,,,,,,,
Learn Japanese To Survive! Kanji Combat,Backlog,12 hrs,0 hrs,,,,,,,,
Learn Japanese To Survive! Katakana War,Backlog,10.9 hrs,0 hrs,,,,,,,,
Left 4 Dead 2,Multiplayer,10.3 hrs,0.8 hrs,,,,,,,,
Legacy of Kain™ Soul Reaver 1&2 Remastered,Backlog,21.5 hrs,0 hrs,,,,,,,,
LEGO® Batman™ 3: Beyond Gotham,Completed,10 hrs,17.7 hrs,,,,,,,,
LEGO® Harry Potter: Years 1-4,Backlog,12 hrs,2.3 hrs,,,,,,,,
LEGO® Star Wars™ III: The Clone Wars™,Backlog,9 hrs,0 hrs,,,,,,,,
LEGO® Star Wars™: The Complete Saga,Completed,13 hrs,12.6 hrs,,,,,,,,
LEGO® STAR WARS™: The Force Awakens,Dropped,9 hrs,1.2 hrs,,,,,,,,
LEGO® The Hobbit™,Backlog,9 hrs,0 hrs,,,,,,,,
LEGO® The Lord of the Rings™,Completed,10 hrs,1.7 hrs,,,,,,,,
Let's School,Arcade,17.1 hrs,0.5 hrs,,,,,,,,
Lethal Company,Multiplayer,8.9 hrs,12.1 hrs,,,,,,,,
Liar's Bar,Multiplayer,2.8 hrs,1.9 hrs,,,,,,,,
Life is Strange™,Dropped,14 hrs,0 hrs,,,,,,,,
Lifeless,Dropped,0 hrs,0 hrs,,,,,,,,
LIGHTNING RETURNS: FINAL FANTASY XIII,Backlog,33 hrs,0 hrs,,,,,,,,
Like a Dragon: Pirate Yakuza in Hawaii,Completed,17.3 hrs,46.1 hrs,,,,,,,,
Lil Gator Game,Backlog,3.2 hrs,0 hrs,,,,,,,,
LIMBO,Backlog,3.5 hrs,0 hrs,,,,,,,,
Loddlenaut,Backlog,3.6 hrs,0 hrs,,,,,,,,
Lords Of The Fallen,Backlog,29 hrs,0 hrs,,,,,,,,
Lost Ark,Multiplayer,48.2 hrs,17.5 hrs,,,,,,,,
Lost Eidolons,Backlog,40.1 hrs,0 hrs,,,,,,,,
Lost Planet 3,Backlog,10.6 hrs,0 hrs,,,,,,,,
Lost Planet: Extreme Condition,Backlog,8 hrs,0 hrs,,,,,,,,
LUMINES REMASTERED,Arcade,6 hrs,0 hrs,,,,,,,,
Machines At War 3,Dropped,0 hrs,0 hrs,,,,,,,,
Machinika Museum,Arcade,2.8 hrs,0 hrs,,,,,,,,
Mad Max,Backlog,20.1 hrs,0 hrs,,,,,,,,
Mafia II (Classic),Completed,12 hrs,0 hrs,,,,,,,,
Mafia II: Definitive Edition,Completed,11.2 hrs,12.3 hrs,,,,,,,,
Mafia III: Definitive Edition,Dropped,25 hrs,10.3 hrs,,,,,,,,
Mafia: Definitive Edition,Completed,10.6 hrs,11.1 hrs,,,,,,,,
Mage Arena,Multiplayer,0 hrs,0 hrs,,,,,,,,
Make America Great Again: The Trump Presidency,Dropped,0 hrs,0.6 hrs,,,,,,,,
Manhunt,Backlog,11 hrs,0 hrs,,,,,,,,
Marie's Room,Backlog,0.7 hrs,0 hrs,,,,,,,,
Marvel Rivals,Multiplayer,16.5 hrs,41 hrs,,,,,,,,
Marvel's Avengers - The Definitive Edition,Dropped,12.5 hrs,0 hrs,,,,,,,,
Marvel's Guardians of the Galaxy,Completed,17.6 hrs,0 hrs,,,,,,,,
Marvel's Midnight Suns,Backlog,40.1 hrs,6.9 hrs,,,,,,,,
Mass Effect (2007),Completed,17 hrs,16.3 hrs,,,,,,,,
Mass Effect 2 (2010),Completed,24.5 hrs,19.8 hrs,,,,,,,,
Mass Effect™ Legendary Edition,Completed,109 hrs,0 hrs,,,,,,,,
Mass Effect™: Andromeda Deluxe Edition,Backlog,18.5 hrs,0 hrs,,,,,,,,
McPixel 3,Backlog,5.4 hrs,0 hrs,,,,,,,,
Medal of Honor(TM) Single Player,Backlog,5 hrs,0 hrs,,,,,,,,
Mediterranea Inferno,Backlog,2.4 hrs,0 hrs,,,,,,,,
Mega Man Legacy Collection,Arcade,16.5 hrs,1.6 hrs,,,,,,,,
METAL GEAR RISING: REVENGEANCE,Completed,7 hrs,3.6 hrs,,,,,,,,
METAL GEAR SOLID 2: Sons of Liberty - Master Collection Version,Completed,13.2 hrs,0 hrs,,,,,,,,
METAL GEAR SOLID V: THE PHANTOM PAIN,Completed,45.5 hrs,1.3 hrs,,,,,,,,
Metaphor: ReFantazio,Completed,65.4 hrs,116.1 hrs,,,,,,,,
Metro 2033,Completed,9.5 hrs,0 hrs,,,,,,,,
Metro 2033 Redux,Completed,9.1 hrs,10.4 hrs,,,,,,,,
Metro: Last Light Complete Edition,Backlog,9.8 hrs,0 hrs,,,,,,,,
Micro Machines World Series,Arcade,1.1 hrs,0 hrs,,,,,,,,
Middle-earth™: Shadow of Mordor™,Completed,16 hrs,14.5 hrs,,,,,,,,
Middle-earth™: Shadow of War™,Completed,21 hrs,35 hrs,,,,,,,,
Mini Metro,Arcade,5.8 hrs,0.3 hrs,,,,,,,,
Mini Ninjas,Backlog,7.7 hrs,0 hrs,,,,,,,,
Mirror's Edge,Completed,6.1 hrs,8.6 hrs,,,,,,,,
Mitsurugi Kamui Hikae,Backlog,2.2 hrs,0 hrs,,,,,,,,
MONSTER HUNTER RISE,Multiplayer,23 hrs,5.4 hrs,,,,,,,,
Monster Hunter Wilds,Completed,17.7 hrs,41.5 hrs,,,,,,,,
Monster Hunter: World,Multiplayer,46.5 hrs,40 hrs,,,,,,,,
Moonstone Island,Backlog,33.1 hrs,0 hrs,,,,,,,,
MORDHAU,Multiplayer,2 hrs,21.8 hrs,,,,,,,,
Mortal Kombat 11,Multiplayer,6.3 hrs,10.5 hrs,,,,,,,,
Mortal Shell,Backlog,10.6 hrs,0 hrs,,,,,,,,
Mountain,Arcade,8.7 hrs,0 hrs,,,,,,,,
Murder House,Completed,2.9 hrs,4.1 hrs,,,,,,,,
Muse Dash,Arcade,6.7 hrs,6.4 hrs,,,,,,,,
MY HERO ONE'S JUSTICE,Dropped,5 hrs,4.1 hrs,,,,,,,,
My Little Universe,Arcade,20.9 hrs,0 hrs,,,,,,,,
My Time at Sandrock,Arcade,84.2 hrs,0 hrs,,,,,,,,
Naheulbeuk's Dungeon Master,Arcade,10.4 hrs,0 hrs,,,,,,,,
NARUTO SHIPPUDEN: Ultimate Ninja STORM 2,Completed,12.4 hrs,0.4 hrs,,,,,,,,
NARUTO SHIPPUDEN: Ultimate Ninja STORM 3 Full Burst,Completed,13 hrs,20 hrs,,,,,,,,
NARUTO SHIPPUDEN: Ultimate Ninja STORM 4,Completed,8.9 hrs,1.9 hrs,,,,,,,,
NARUTO TO BORUTO: SHINOBI STRIKER,Multiplayer,7 hrs,7.5 hrs,,,,,,,,
NARUTO: Ultimate Ninja STORM,Completed,12.2 hrs,1.6 hrs,,,,,,,,
NBA 2K16,Multiplayer,18.7 hrs,1.1 hrs,,,,,,,,
Need for Speed: Hot Pursuit,Arcade,14.1 hrs,0.5 hrs,,,,,,,,
Neo Cab,Backlog,4.2 hrs,0 hrs,,,,,,,,
Neon Abyss,Backlog,11.1 hrs,0 hrs,,,,,,,,
Neon Blood,Backlog,3.2 hrs,0 hrs,,,,,,,,
Neverending Nightmares,Backlog,1.7 hrs,0 hrs,,,,,,,,
NieR:Automata™,Completed,21 hrs,0 hrs,,,,,,,,
Night At the Gates of Hell,Completed,3.1 hrs,4.7 hrs,,,,,,,,
Nightmare Kart,Arcade,2 hrs,0 hrs,,,,,,,,
Nightmare of Decay,Completed,2.3 hrs,4 hrs,,,,,,,,
NiGHTS into Dreams...,Arcade,2.5 hrs,0 hrs,,,,,,,,
Nioh 2 – The Complete Edition,Backlog,41.5 hrs,1.1 hrs,,,,,,,,
Nioh: Complete Edition,Dropped,42 hrs,22.5 hrs,,,,,,,,
No More Heroes,Backlog,11 hrs,0 hrs,,,,,,,,
Nobody Wants to Die,Backlog,5.8 hrs,0 hrs,,,,,,,,
Nomad Survival,Arcade,15.7 hrs,0 hrs,,,,,,,,
Nova Lands,Arcade,18.2 hrs,0 hrs,,,,,,,,
Oceanhorn: Monster of Uncharted Seas,Backlog,9.3 hrs,1.6 hrs,,,,,,,,
OCTOPATH TRAVELER II,Backlog,60 hrs,3.1 hrs,,,,,,,,
Okami HD,Backlog,33.1 hrs,1.7 hrs,,,,,,,,
Old World,Arcade,24.1 hrs,0 hrs,,,,,,,,
OlliOlli2: Welcome to Olliwood,Arcade,3.5 hrs,1.4 hrs,,,,,,,,
ONE PIECE ODYSSEY,Backlog,34 hrs,30.2 hrs,,,,,,,,
ONE PIECE PIRATE WARRIORS 3,Completed,16 hrs,18.5 hrs,,,,,,,,
ONE PIECE World Seeker,Completed,11.8 hrs,23 hrs,,,,,,,,
One Piece: Unlimited World Red - Deluxe Edition,Backlog,9.1 hrs,0 hrs,,,,,,,,
One Way Heroics,Backlog,2.2 hrs,0 hrs,,,,,,,,
Ori and the Blind Forest,Backlog,8.2 hrs,0 hrs,,,,,,,,
Ori and the Blind Forest: Definitive Edition,Backlog,9 hrs,0 hrs,,,,,,,,
Orwell,Backlog,4.6 hrs,0 hrs,,,,,,,,
Outlast,Completed,5.2 hrs,0 hrs,,,,,,,,
Overlord II,Backlog,16.5 hrs,1.1 hrs,,,,,,,,
PAC-MAN 256,Arcade,4 hrs,0 hrs,,,,,,,,
Pacific Drive,Backlog,20.6 hrs,4.9 hrs,,,,,,,,
Paper Beast,Backlog,3.1 hrs,0 hrs,,,,,,,,
Paper Beast - Folded Edition,Backlog,3.1 hrs,0 hrs,,,,,,,,
"Papers, Please",Arcade,5 hrs,5.3 hrs,,,,,,,,
Path of Exile,Backlog,29.6 hrs,0 hrs,,,,,,,,
Pavlov VR,Dropped,2.6 hrs,6.7 hrs,,,,,,,,
PAYDAY 2,Dropped,27 hrs,0 hrs,,,,,,,,
PC Building Simulator,Arcade,22.6 hrs,7.2 hrs,,,,,,,,
PEAK,Multiplayer,5.5 hrs,12.7 hrs,,,,,,,,
Persona 3 Portable,Completed,64.5 hrs,60.4 hrs,,,,,,,,
Persona 3 Reload,Backlog,64.6 hrs,21.3 hrs,,,,,,,,
Persona 4 Golden,Completed,67.4 hrs,58 hrs,,,,,,,,
Persona 5 Royal,Completed,101.3 hrs,0 hrs,,,,,,,,
Persona 5 Strikers,Backlog,35.2 hrs,0 hrs,,,,,,,,
Persona5: The Phantom X,Arcade,15 hrs,0 hrs,,,,,,,,
Pew Dew Redemption,Dropped,0 hrs,0 hrs,,,,,,,,
Phasmophobia,Multiplayer,20 hrs,29.9 hrs,,,,,,,,
Phoenix Force,Arcade,4 hrs,0 hrs,,,,,,,,
Pillars of Eternity,Backlog,36.1 hrs,0 hrs,,,,,,,,
PixelJunk™ Eden,Arcade,9 hrs,0 hrs,,,,,,,,
Planet Coaster,Arcade,27 hrs,0 hrs,,,,,,,,
Planet R-12,Dropped,2.9 hrs,0 hrs,,,,,,,,
Poker Night 2,Multiplayer,5.1 hrs,2.5 hrs,,,,,,,,
Poker Night at the Inventory,Multiplayer,3.2 hrs,0 hrs,,,,,,,,
Poly Bridge,Arcade,10.8 hrs,1.1 hrs,,,,,,,,
Pony Island,Backlog,2.4 hrs,0 hrs,,,,,,,,
Portal,Completed,3.1 hrs,3.8 hrs,,,,,,,,
Portal 2,Completed,8.6 hrs,5.7 hrs,,,,,,,,
Portal Stories: Mel,Backlog,7.7 hrs,0.7 hrs,,,,,,,,
POSTAL 2,Arcade,0 hrs,0 hrs,,,,,,,,
PowerWash Simulator,Arcade,38.6 hrs,5.4 hrs,,,,,,,,
Praetorians,Backlog,17.2 hrs,0 hrs,,,,,,,,
Prey,Backlog,16.2 hrs,6 hrs,,,,,,,,
Prince of Persia,Backlog,11.4 hrs,0 hrs,,,,,,,,
Project Kat - Paper Lily Prologue,Backlog,0.7 hrs,0 hrs,,,,,,,,
Project Zomboid,Multiplayer,61.9 hrs,2.3 hrs,,,,,,,,
Propagation VR,Backlog,0.6 hrs,0.3 hrs,,,,,,,,
Prototype,Completed,11 hrs,1.6 hrs,,,,,,,,
Psychonauts,Completed,12 hrs,1 hrs,,,,,,,,
PUBG: BATTLEGROUNDS,Multiplayer,0 hrs,0 hrs,,,,,,,,
Punch Club,Dropped,10.7 hrs,0.6 hrs,,,,,,,,
Puyo Puyo™Tetris® ,Arcade,0 hrs,3.2 hrs,,,,,,,,
Puzzle Agent,Arcade,3.4 hrs,0 hrs,,,,,,,,
Puzzle Agent 2,Arcade,3.2 hrs,0 hrs,,,,,,,,
Quake Champions,Multiplayer,16.4 hrs,0 hrs,,,,,,,,
Quest for Infamy,Backlog,9.2 hrs,0 hrs,,,,,,,,
R.E.P.O.,Multiplayer,7.1 hrs,11.1 hrs,,,,,,,,
Racine,Backlog,10.1 hrs,0 hrs,,,,,,,,
Railroad Tycoon 3,Arcade,26.2 hrs,0 hrs,,,,,,,,
Raw Data,Backlog,5.4 hrs,0 hrs,,,,,,,,
Rayman Origins,Backlog,11 hrs,0 hrs,,,,,,,,
Rayman: Raving Rabbids,Arcade,6 hrs,0 hrs,,,,,,,,
Ready or Not,Multiplayer,15.9 hrs,21 hrs,,,,,,,,
Realm Royale - Test Server,Multiplayer,0 hrs,0 hrs,,,,,,,,
Realm Royale Reforged,Multiplayer,5 hrs,0 hrs,,,,,,,,
Red Dead Redemption,Backlog,17.7 hrs,0 hrs,,,,,,,,
Red Dead Redemption 2,Completed,50.6 hrs,62.9 hrs,,,,,,,,
Red Faction Guerrilla Re-Mars-tered,Backlog,11 hrs,0 hrs,,,,,,,,
Remember Me,Backlog,9.9 hrs,0 hrs,,,,,,,,
Remnant II,Backlog,18.1 hrs,5.2 hrs,,,,,,,,
Remnant Records,Multiplayer,0 hrs,0 hrs,,,,,,,,
Remnants of Isolation,Backlog,3.8 hrs,0 hrs,,,,,,,,
Renegade Ops,Arcade,4.8 hrs,0 hrs,,,,,,,,
Resident Evil,Completed,6.8 hrs,0.2 hrs,,,,,,,,
Resident Evil 0,Dropped,10.2 hrs,12.8 hrs,,,,,,,,
Resident Evil 2,Completed,8.8 hrs,33.5 hrs,,,,,,,,
Resident Evil 3,Completed,6 hrs,12.2 hrs,,,,,,,,
Resident Evil 4 (2005),Completed,15.5 hrs,14.6 hrs,,,,,,,,
Resident Evil 5,Completed,12.1 hrs,44.3 hrs,,,,,,,,
Resident Evil 6,Completed,21 hrs,5 hrs,,,,,,,,
Resident Evil 7 Biohazard,Completed,9.3 hrs,3.1 hrs,,,,,,,,
RESIDENT EVIL RESISTANCE,Multiplayer,0 hrs,0.8 hrs,,,,,,,,
Resident Evil Revelations,Backlog,8.4 hrs,0.4 hrs,,,,,,,,
Resident Evil Revelations 2,Backlog,10.2 hrs,0 hrs,,,,,,,,
Return NULL - Episode 1,Dropped,0.7 hrs,0 hrs,,,,,,,,
REVOLVER360 RE:ACTOR,Arcade,1.9 hrs,0 hrs,,,,,,,,
Rise of the Tomb Raider,Dropped,13.4 hrs,6.1 hrs,,,,,,,,
Risen,Backlog,27.8 hrs,0 hrs,,,,,,,,
Risen 2 - Dark Waters,Backlog,26 hrs,0 hrs,,,,,,,,
RKGK / Rakugaki,Backlog,3.2 hrs,0 hrs,,,,,,,,
RoboCop: Rogue City,Completed,11.8 hrs,16.7 hrs,,,,,,,,
Rocket League,Multiplayer,4.6 hrs,33.8 hrs,,,,,,,,
Rocksmith® 2014 Edition - Remastered,Arcade,0 hrs,5.5 hrs,,,,,,,,
RPG Maker VX Ace,Arcade,20.4 hrs,17.4 hrs,,,,,,,,
Ryse: Son of Rome,Backlog,6.4 hrs,0 hrs,,,,,,,,
S.T.A.L.K.E.R.: Call of Pripyat,Backlog,15.1 hrs,0 hrs,,,,,,,,
S.T.A.L.K.E.R.: Call of Prypiat - Enhanced Edition,Backlog,15.1 hrs,0 hrs,,,,,,,,
S.T.A.L.K.E.R.: Clear Sky,Backlog,12.7 hrs,0 hrs,,,,,,,,
S.T.A.L.K.E.R.: Clear Sky - Enhanced Edition,Backlog,12.7 hrs,0 hrs,,,,,,,,
S.T.A.L.K.E.R.: Shadow of Chernobyl,Backlog,15.1 hrs,0 hrs,,,,,,,,
S.T.A.L.K.E.R.: Shadow of Chornobyl - Enhanced Edition,Backlog,15.1 hrs,0 hrs,,,,,,,,
Sacred 3,Backlog,8.6 hrs,0 hrs,,,,,,,,
Saints Row,Completed,12.6 hrs,0 hrs,,,,,,,,
Saints Row 2,Completed,20 hrs,1.7 hrs,,,,,,,,
Saints Row IV,Completed,15.3 hrs,9.1 hrs,,,,,,,,
Saints Row: Gat out of Hell,Completed,4.4 hrs,5.7 hrs,,,,,,,,
Saints Row: The Third,Completed,15.4 hrs,17.4 hrs,,,,,,,,
Sam & Max 301: The Penal Zone,Dropped,3.7 hrs,0 hrs,,,,,,,,
Sam & Max 302: The Tomb of Sammun-Mak,Dropped,3.1 hrs,0 hrs,,,,,,,,
Sam & Max 303: They Stole Max's Brain!,Dropped,3.1 hrs,0 hrs,,,,,,,,
Sam & Max 304: Beyond the Alley of the Dolls,Dropped,2.5 hrs,0 hrs,,,,,,,,
Sam & Max 305: The City that Dares not Sleep,Dropped,2.6 hrs,0 hrs,,,,,,,,
SanctuaryRPG: Black Edition,Backlog,11.9 hrs,1.1 hrs,,,,,,,,
Satellite Reign,Backlog,21.7 hrs,0 hrs,,,,,,,,
Sea of Thieves,Multiplayer,41.5 hrs,1.6 hrs,,,,,,,,
SEGA Mega Drive & Genesis Classics,Arcade,10.5 hrs,1.1 hrs,,,,,,,,
Sekiro™: Shadows Die Twice,Completed,30 hrs,32 hrs,,,,,,,,
Serial Cleaner,Arcade,4.9 hrs,0 hrs,,,,,,,,
Session: Skate Sim,Arcade,5.7 hrs,3.8 hrs,,,,,,,,
Severed Steel,Backlog,3 hrs,0 hrs,,,,,,,,
Shadow Gambit: The Cursed Crew,Backlog,27.6 hrs,0 hrs,,,,,,,,
Shadow Warrior,Completed,12.3 hrs,8.5 hrs,,,,,,,,
Shadowrun Chronicles - Boston Lockdown,Backlog,23 hrs,0 hrs,,,,,,,,
Shenmue I & II,Completed,35.6 hrs,42.8 hrs,,,,,,,,
Shin Megami Tensei V: Vengeance,Backlog,45.4 hrs,13 hrs,,,,,,,,
Showgunners,Backlog,13.5 hrs,0 hrs,,,,,,,,
Sid Meier's Civilization V,Arcade,40.1 hrs,14.2 hrs,,,,,,,,
Sid Meier's Civilization VI,Arcade,23.7 hrs,12.1 hrs,,,,,,,,
Sid Meier's Pirates!,Arcade,10.3 hrs,0 hrs,,,,,,,,
Sideway,Multiplayer,4 hrs,0 hrs,,,,,,,,
Sifu,Completed,7.8 hrs,0.9 hrs,,,,,,,,
Silent Hill: Homecoming,Backlog,9.3 hrs,0 hrs,,,,,,,,
Sir Whoopass™: Immortal Death,Backlog,7.5 hrs,0 hrs,,,,,,,,
Sirius Online,Multiplayer,0 hrs,0 hrs,,,,,,,,
Sker Ritual,Backlog,9.2 hrs,0 hrs,,,,,,,,
Skullgirls 2nd Encore,Multiplayer,3.3 hrs,0.7 hrs,,,,,,,,
Slay the Spire,Arcade,12.1 hrs,7.4 hrs,,,,,,,,
Sleeping Dogs: Definitive Edition,Completed,14.3 hrs,16.1 hrs,,,,,,,,
"Slice, Dice & Rice",Arcade,1.2 hrs,0.1 hrs,,,,,,,,
SMITE 2,Multiplayer,1.8 hrs,0 hrs,,,,,,,,
Snakebird,Arcade,7.2 hrs,0.4 hrs,,,,,,,,
Sniper Elite,Dropped,13 hrs,0.3 hrs,,,,,,,,
Sniper Elite 3,Backlog,9.1 hrs,5.3 hrs,,,,,,,,
Sniper Elite 4,Backlog,10.7 hrs,0 hrs,,,,,,,,
Sniper Elite 5,Backlog,10.7 hrs,0 hrs,,,,,,,,
Sniper Elite V2,Arcade,7.2 hrs,0 hrs,,,,,,,,
Sniper Elite V2 Remastered,Arcade,6.2 hrs,0 hrs,,,,,,,,
Solstice,Dropped,4.4 hrs,0 hrs,,,,,,,,
Sonic & All-Stars Racing Transformed Collection,Arcade,7.5 hrs,0.8 hrs,,,,,,,,
Sonic Adventure DX,Completed,9.1 hrs,5.3 hrs,,,,,,,,
Sonic Adventure™ 2 ,Completed,9 hrs,1.2 hrs,,,,,,,,
Sonic and SEGA All Stars Racing,Arcade,5.1 hrs,0.6 hrs,,,,,,,,
Sonic CD,Backlog,2 hrs,0 hrs,,,,,,,,
Sonic Generations,Completed,5.5 hrs,6.1 hrs,,,,,,,,
Sonic Lost World,Dropped,7.4 hrs,0.9 hrs,,,,,,,,
SONIC THE HEDGEHOG 4 Episode I,Backlog,2.6 hrs,0.2 hrs,,,,,,,,
SONIC THE HEDGEHOG 4 Episode II,Backlog,2.5 hrs,0 hrs,,,,,,,,
SONIC X SHADOW GENERATIONS,Completed,6.5 hrs,4 hrs,,,,,,,,
Sons Of The Forest,Multiplayer,15.3 hrs,2.7 hrs,,,,,,,,
Soul Axiom,Backlog,13.3 hrs,0 hrs,,,,,,,,
SOULCALIBUR VI,Multiplayer,7 hrs,0.6 hrs,,,,,,,,
Soulstice,Backlog,17 hrs,0 hrs,,,,,,,,
South of Midnight,Backlog,9.7 hrs,2.5 hrs,,,,,,,,
South Park™: The Stick of Truth™,Completed,11.5 hrs,16.8 hrs,,,,,,,,
Space Station 14 Playtest,Multiplayer,0 hrs,0 hrs,,,,,,,,
Spec Ops: The Line,Backlog,6.1 hrs,0 hrs,,,,,,,,
Spider-Man: Far From Home Virtual Reality,Completed,0.4 hrs,0.3 hrs,,,,,,,,
Spin Rhythm XD,Arcade,5.2 hrs,1.3 hrs,,,,,,,,
Split Fiction,Completed,13.2 hrs,14 hrs,,,,,,,,
SpongeBob SquarePants: The Cosmic Shake,Backlog,7 hrs,0 hrs,,,,,,,,
Spooky's Jump Scare Mansion,Backlog,3.8 hrs,0 hrs,,,,,,,,
STAR OCEAN THE SECOND STORY R,Completed,25.5 hrs,28.8 hrs,,,,,,,,
"Star Wars: Battlefront 2 (Classic, 2005)",Arcade,8 hrs,0 hrs,,,,,,,,
STAR WARS™ Battlefront™ II,Multiplayer,6.5 hrs,18.1 hrs,,,,,,,,
STAR WARS™ Knights of the Old Republic™,Backlog,29 hrs,1 hrs,,,,,,,,
STAR WARS™ Knights of the Old Republic™ II: The Sith Lords™,Backlog,30.5 hrs,0 hrs,,,,,,,,
STAR WARS™: Bounty Hunter™,Backlog,7.5 hrs,0 hrs,,,,,,,,
STAR WARS™: The Force Unleashed™ II,Completed,5 hrs,3.1 hrs,,,,,,,,
STAR WARS™: The Force Unleashed™ Ultimate Sith Edition,Completed,8 hrs,8.1 hrs,,,,,,,,
Stardew Valley,Arcade,53.4 hrs,4.8 hrs,,,,,,,,
Starship Troopers: Terran Command,Backlog,13.6 hrs,0 hrs,,,,,,,,
Station to Station,Arcade,9.4 hrs,1.7 hrs,,,,,,,,
Stealth Inc 2,Backlog,9.1 hrs,0 hrs,,,,,,,,
Steelrising,Backlog,15.2 hrs,0 hrs,,,,,,,,
Stellar Blade™,Completed,21.5 hrs,50.1 hrs,,,,,,,,
Stick Fight: The Game,Multiplayer,1.7 hrs,1 hrs,,,,,,,,
Sticky Business,Arcade,6.9 hrs,0 hrs,,,,,,,,
Stranded: Alien Dawn,Arcade,18.6 hrs,0 hrs,,,,,,,,
Streets Of Kamurocho,Arcade,0.4 hrs,0 hrs,,,,,,,,
Strider,Backlog,5.5 hrs,0.2 hrs,,,,,,,,
Strong Bad Episode 1: Homestar Ruiner,Dropped,2.6 hrs,0 hrs,,,,,,,,
Strong Bad Episode 2: Strong Badia the Free,Dropped,2.8 hrs,0 hrs,,,,,,,,
Strong Bad Episode 3: Baddest of the Bands,Dropped,2.5 hrs,0 hrs,,,,,,,,
Strong Bad Episode 4: Dangeresque 3,Dropped,2.1 hrs,0 hrs,,,,,,,,
Strong Bad Episode 5: 8-Bit Is Enough,Dropped,2.5 hrs,0 hrs,,,,,,,,
Styx: Master of Shadows,Backlog,17 hrs,0 hrs,,,,,,,,
Sunset Overdrive,Backlog,10.1 hrs,0 hrs,,,,,,,,
Super Meat Boy,Completed,9.4 hrs,12.7 hrs,,,,,,,,
SUPERHOT VR,Completed,2 hrs,1.6 hrs,,,,,,,,
Symphony of War: The Nephilim Saga,Backlog,29.2 hrs,0 hrs,,,,,,,,
Tabletop Simulator,Multiplayer,7.5 hrs,2.4 hrs,,,,,,,,
Tactics Ogre: Reborn,Completed,53.9 hrs,77 hrs,,,,,,,,
Tainted Grail: The Fall of Avalon,Playing,22.3 hrs,13.9 hrs,,,,,,,,
Tales And Tactics,Arcade,5.3 hrs,0 hrs,,,,,,,,
Tales from the Borderlands,Backlog,10.6 hrs,0 hrs,,,,,,,,
Tales of Symphonia,Backlog,46.7 hrs,2.9 hrs,,,,,,,,
Tchia,Backlog,7.6 hrs,0 hrs,,,,,,,,
Team Fortress Classic,Multiplayer,16 hrs,0 hrs,,,,,,,,
TEKKEN 7,Multiplayer,3.5 hrs,17.1 hrs,,,,,,,,
TEKKEN 8,Multiplayer,4 hrs,35 hrs,,,,,,,,
Temtem,Multiplayer,57.4 hrs,7 hrs,,,,,,,,
TERA,Multiplayer,34.8 hrs,0 hrs,,,,,,,,
Terminator: Resistance,Completed,9.6 hrs,10.2 hrs,,,,,,,,
Terraformers,Arcade,28.7 hrs,0 hrs,,,,,,,,
Terraria,Arcade,52 hrs,1.8 hrs,,,,,,,,
Tetris® Effect: Connected,Arcade,3 hrs,2.5 hrs,,,,,,,,
The Amazing Spider-Man,Completed,8.6 hrs,0.3 hrs,,,,,,,,
The Awesome Adventures of Captain Spirit,Dropped,1.6 hrs,0 hrs,,,,,,,,
The Bard's Tale Trilogy,Backlog,29 hrs,0 hrs,,,,,,,,
The Binding of Isaac: Afterbirth+,Multiplayer,5.1 hrs,0 hrs,,,,,,,,
The Binding of Isaac: Rebirth,Backlog,5.6 hrs,1.5 hrs,,,,,,,,
The Bureau: XCOM Declassified,Backlog,10.4 hrs,0 hrs,,,,,,,,
The Cabin Factory,Completed,1 hrs,0.5 hrs,,,,,,,,
The Callisto Protocol,Completed,10.1 hrs,0 hrs,,,,,,,,
The Convenience Store | 夜勤事件,Completed,2 hrs,2.2 hrs,,,,,,,,
The Council,Backlog,14.2 hrs,0 hrs,,,,,,,,
The Dark Eye: Chains of Satinav,Backlog,9.8 hrs,0 hrs,,,,,,,,
The Darkness II,Backlog,6.1 hrs,0 hrs,,,,,,,,
The Elder Scrolls II: Daggerfall,Arcade,31.5 hrs,0 hrs,,,,,,,,
The Elder Scrolls III: Morrowind,Arcade,44 hrs,0.4 hrs,,,,,,,,
The Elder Scrolls IV: Oblivion Game of the Year Edition (2009),Completed,31 hrs,60 hrs,,,,,,,,
The Elder Scrolls IV: Oblivion Remastered,Completed,17 hrs,90.2 hrs,,,,,,,,
The Elder Scrolls Online,Multiplayer,47.9 hrs,72 hrs,,,,,,,,
The Elder Scrolls V: Skyrim,Completed,34.7 hrs,2.6 hrs,,,,,,,,
The Elder Scrolls V: Skyrim Special Edition,Completed,26 hrs,66.4 hrs,,,,,,,,
The Elder Scrolls V: Skyrim VR,Completed,21.6 hrs,0.5 hrs,,,,,,,,
The Elder Scrolls: Arena,Arcade,26.1 hrs,0 hrs,,,,,,,,
The Elder Scrolls: Legends,Arcade,4.9 hrs,0 hrs,,,,,,,,
The Evil Within,Completed,15.3 hrs,0 hrs,,,,,,,,
The Evil Within 2,Completed,13.3 hrs,0.5 hrs,,,,,,,,
The Excavation of Hob's Barrow,Backlog,7 hrs,0.7 hrs,,,,,,,,
The Flame in the Flood,Backlog,8.6 hrs,0 hrs,,,,,,,,
The Invincible,Multiplayer,6.6 hrs,0 hrs,,,,,,,,
The Jackbox Megapicker,Multiplayer,0 hrs,0 hrs,,,,,,,,
The Lab,Completed,1 hrs,0.2 hrs,,,,,,,,
The Last Campfire,Backlog,5.2 hrs,0 hrs,,,,,,,,
The Legend of Heroes: Trails in the Sky,Backlog,40.4 hrs,0 hrs,,,,,,,,
The LEGO® NINJAGO® Movie Video Game,Dropped,6.5 hrs,0 hrs,,,,,,,,
The Lord of the Rings Online™,Multiplayer,2.5 hrs,0 hrs,,,,,,,,
The Murder of Sonic the Hedgehog,Backlog,2.3 hrs,0 hrs,,,,,,,,
The Outlast Trials,Multiplayer,13.8 hrs,5.8 hrs,,,,,,,,
The Red Strings Club,Backlog,4 hrs,0 hrs,,,,,,,,
The Stanley Parable,Completed,1.5 hrs,0.3 hrs,,,,,,,,
The Surge,Backlog,20.8 hrs,0 hrs,,,,,,,,
The Thaumaturge,Backlog,16.2 hrs,0 hrs,,,,,,,,
The Typing of The Dead: Overkill,Arcade,3.9 hrs,0.9 hrs,,,,,,,,
The Walking Dead,Completed,0.5 hrs,0 hrs,,,,,,,,
The Walking Dead: Saints & Sinners,Backlog,10.4 hrs,4.1 hrs,,,,,,,,
The Walking Dead: Season Two,Completed,9.5 hrs,0 hrs,,,,,,,,
The Witcher 2: Assassins of Kings Enhanced Edition,Completed,24 hrs,28.3 hrs,,,,,,,,
The Witcher 3: Wild Hunt,Completed,51.6 hrs,214.4 hrs,,,,,,,,
The Witcher: Enhanced Edition,Completed,35.3 hrs,29.4 hrs,,,,,,,,
The Wolf Among Us,Backlog,8.6 hrs,0 hrs,,,,,,,,
Thief Simulator,Arcade,13 hrs,0.5 hrs,,,,,,,,
This Means Warp,Multiplayer,11.7 hrs,0 hrs,,,,,,,,
Thronebreaker: The Witcher Tales,Backlog,27.8 hrs,0 hrs,,,,,,,,
Tiny Terry's Turbo Trip,Backlog,3.5 hrs,0 hrs,,,,,,,,
Titanfall® 2,Backlog,6 hrs,0.3 hrs,,,,,,,,
To the Moon,Backlog,4.1 hrs,0 hrs,,,,,,,,
Tomb Raider,Completed,11.3 hrs,11.2 hrs,,,,,,,,
Tomb Raider I-III Remastered Starring Lara Croft,Backlog,36.4 hrs,0 hrs,,,,,,,,
Tony Hawk's™ Pro Skater™ 1 + 2,Arcade,7 hrs,4.2 hrs,,,,,,,,
Tony Hawk's™ Pro Skater™ 3 + 4,Arcade,7 hrs,0.6 hrs,,,,,,,,
Tormentor❌Punisher,Arcade,3 hrs,0 hrs,,,,,,,,
Total War: PHARAOH,Arcade,34.5 hrs,0 hrs,,,,,,,,
Total War: PHARAOH DYNASTIES,Arcade,54.4 hrs,0 hrs,,,,,,,,
Total War: SHOGUN 2,Arcade,27.2 hrs,0 hrs,,,,,,,,
Town of Salem,Multiplayer,25.5 hrs,1.5 hrs,,,,,,,,
Toybox Turbos,Arcade,2.7 hrs,0 hrs,,,,,,,,
Trepang2,Backlog,5.2 hrs,0 hrs,,,,,,,,
Trials of Mana,Backlog,20.4 hrs,8.6 hrs,,,,,,,,
Trombone Champ,Arcade,3.7 hrs,1.1 hrs,,,,,,,,
TROUBLESHOOTER: Abandoned Children,Backlog,82.2 hrs,0 hrs,,,,,,,,
Two Point Campus,Arcade,26.1 hrs,0 hrs,,,,,,,,
Ultra Street Fighter IV,Multiplayer,2.5 hrs,2.3 hrs,,,,,,,,
Ultros,Backlog,11.2 hrs,0 hrs,,,,,,,,
Uncanny Valley,Backlog,1.5 hrs,0 hrs,,,,,,,,
UNDEFEATED,Arcade,0.4 hrs,0 hrs,,,,,,,,
Undertale,Completed,7 hrs,13.8 hrs,,,,,,,,
Unholy Heights,Arcade,10.1 hrs,4.8 hrs,,,,,,,,
Universe For Sale,Backlog,4.9 hrs,0 hrs,,,,,,,,
Until You Fall,Backlog,7.7 hrs,0 hrs,,,,,,,,
Unturned,Multiplayer,20.8 hrs,1 hrs,,,,,,,,
Vampire Survivors,Arcade,14.8 hrs,0.2 hrs,,,,,,,,
Vampire: The Masquerade - Bloodlines,Dropped,22.8 hrs,5.5 hrs,,,,,,,,
Vampyr,Completed,16.8 hrs,27.6 hrs,,,,,,,,
Vanguard Princess,Multiplayer,0.8 hrs,0 hrs,,,,,,,,
Velvet Assassin,Backlog,10 hrs,0 hrs,,,,,,,,
Venba,Backlog,1.5 hrs,0 hrs,,,,,,,,
Viking: Battle for Asgard,Completed,13.3 hrs,0 hrs,,,,,,,,
Viscera Cleanup Detail,Arcade,11.6 hrs,1.1 hrs,,,,,,,,
VRChat,Multiplayer,95.4 hrs,7.3 hrs,,,,,,,,
Wands,Multiplayer,4 hrs,0 hrs,,,,,,,,
War Trigger 3,Multiplayer,0 hrs,0.9 hrs,,,,,,,,
Warframe,Multiplayer,113.6 hrs,1.5 hrs,,,,,,,,
"Warhammer 40,000: Boltgun",Backlog,9.9 hrs,2.6 hrs,,,,,,,,
"Warhammer 40,000: Darktide",Multiplayer,29.3 hrs,6.3 hrs,,,,,,,,
"Warhammer 40,000: Gladius - Relics of War",Backlog,11.2 hrs,0 hrs,,,,,,,,
"Warhammer 40,000: Rogue Trader",Playing,62.9 hrs,6.1 hrs,,,,,,,,
"Warhammer 40,000: Space Marine - Anniversary Edition",Completed,7.5 hrs,8.8 hrs,,,,,,,,
"Warhammer 40,000: Space Marine 2",Completed,9.6 hrs,20.5 hrs,,,,,,,,
"Warhammer 40,000: Speed Freeks",Arcade,0 hrs,0 hrs,,,,,,,,
Warhammer Age of Sigmar: Realms of Ruin,Backlog,13.5 hrs,0 hrs,,,,,,,,
Warhammer: Vermintide 2,Multiplayer,10.9 hrs,5.3 hrs,,,,,,,,
Warmachine Tactics,Backlog,29.4 hrs,0 hrs,,,,,,,,
Warpips,Arcade,7.3 hrs,0 hrs,,,,,,,,
We Went Back,Backlog,0.7 hrs,0 hrs,,,,,,,,
Weapon Shop Fantasy,Arcade,13.5 hrs,0 hrs,,,,,,,,
Whisper of a Rose,Backlog,0 hrs,0 hrs,,,,,,,,
Wildmender,Backlog,20 hrs,0 hrs,,,,,,,,
Wizard with a Gun,Multiplayer,13.5 hrs,0 hrs,,,,,,,,
WORLD OF FINAL FANTASY,Backlog,35.5 hrs,0 hrs,,,,,,,,
Worms Ultimate Mayhem,Arcade,7.2 hrs,0.9 hrs,,,,,,,,
Worms W.M.D,Arcade,14.8 hrs,4.5 hrs,,,,,,,,
X-COM: Apocalypse,Backlog,32.6 hrs,0 hrs,,,,,,,,
X-COM: Enforcer,Backlog,4.4 hrs,0 hrs,,,,,,,,
X-COM: Interceptor,Backlog,13.1 hrs,0 hrs,,,,,,,,
X-COM: Terror from the Deep,Backlog,34.2 hrs,0 hrs,,,,,,,,
X-COM: UFO Defense,Backlog,38.3 hrs,0 hrs,,,,,,,,
XCOM 2,Backlog,33.3 hrs,0 hrs,,,,,,,,
XCOM: Chimera Squad,Backlog,21.4 hrs,0 hrs,,,,,,,,
XCOM: Enemy Unknown,Backlog,26.7 hrs,0 hrs,,,,,,,,
Yakuza 0,Completed,31.5 hrs,0 hrs,,,,,,,,
Yakuza Kiwami,Completed,18 hrs,91.6 hrs,,,,,,,,
Yakuza Kiwami 2,Completed,18.5 hrs,35.5 hrs,,,,,,,,
"Yes, Your Grace",Backlog,6.4 hrs,2 hrs,,,,,,,,
You Suck at Parking® - Complete Edition,Arcade,8 hrs,0 hrs,,,,,,,,
Ys Origin,Backlog,11.5 hrs,0 hrs,,,,,,,,
Yume Nikki,Backlog,5 hrs,0 hrs,,,,,,,,
Yuppie Psycho,Backlog,8.5 hrs,2.3 hrs,,,,,,,,
Zero Caliber VR,Arcade,5 hrs,0 hrs,,,,,,,,
Zoeti,Backlog,8.5 hrs,0 hrs,,,,,,,,
Zoria: Age of Shattering Prologue,Arcade,0 hrs,0 hrs,,,,,,,,
嗜血印 Bloody Spell,Backlog,5.5 hrs,0 hrs,,,,,,,,
